"ID";"Imagen";"Nombre";"Referencia";"Categoría";"Precio base";"Precio final";"Cantidad";"Estado";
"274";"http://www.semillaslowcost.com/img/p/2/9/2/292.jpg";"Auto Durban Poison";"gs-0252";"Dutch Passion";"0.000000";"27";"3";"1";
"573";"http://www.semillaslowcost.com/img/p/5/8/3/583.jpg";"Zombie Kush";"gs-0538";"Ripper Seeds";"0.000000";"5.3";"9000";"1";
"682";"http://www.semillaslowcost.com/img/p/6/9/0/690.jpg";"Domina";"gs-0645";"Colección Clásica CBD Seeds";"0.000000";"7";"3";"1";
"517";"http://www.semillaslowcost.com/img/p/5/3/0/530.jpg";"TNT Kush";"gs-0482";"Eva Seeds";"0.000000";"19";"9";"1";
"339";"http://www.semillaslowcost.com/img/p/3/5/6/356.jpg";"Leshaze";"gs-0311";"Cannabiogen";"0.000000";"34";"10";"1";
"626";"http://www.semillaslowcost.com/img/p/6/3/8/638.jpg";"Sugar Black Rose F1";"gs-0595";"Delicious Seeds";"0.000000";"18";"6";"1";
"282";"http://www.semillaslowcost.com/img/p/3/0/0/300.jpg";"Sweet Dwarf Autofloreciente";"gs-0259";"Advanced Seeds";"0.000000";"20";"6";"1";
"581";"http://www.semillaslowcost.com/img/p/5/9/1/591.jpg";"Cataract Kush";"gs-0546";"DNA Genetics";"0.000000";"53";"6";"1";
"690";"http://www.semillaslowcost.com/img/p/6/9/6/696.jpg";"Mexican Haze";"gs-0658";"Colección Clásica CBD Seeds";"0.000000";"21";"6";"1";
"525";"http://www.semillaslowcost.com/img/p/5/3/8/538.jpg";"TNT Kush CBD";"gs-0493";"Eva Seeds";"0.000000";"26";"3";"1";
"347";"http://www.semillaslowcost.com/img/p/3/6/4/364.jpg";"Jarilla";"gs-0318";"Cannabiogen";"0.000000";"31";"10";"1";
"634";"http://www.semillaslowcost.com/img/p/6/4/7/647.jpg";"Critical Super Silver Haze";"gs-0604";"Delicious Seeds";"0.000000";"25";"6";"1";
"290";"http://www.semillaslowcost.com/img/p/3/0/7/307.jpg";"Auto Skunk 47";"gs-0267";"Advanced Seeds";"0.000000";"15.5";"6";"1";
"589";"http://www.semillaslowcost.com/img/p/6/0/2/602.jpg";"Tangie";"gs-0565";"DNA Genetics";"0.000000";"65";"6";"1";
"699";"http://www.semillaslowcost.com/img/p/7/3/3/733.jpg";"M8 El caliz";"gs-0007";"GeaSeeds";"0.000000";"1";"295";"1";
"533";"http://www.semillaslowcost.com/img/p/5/5/1/551.jpg";"Y Griega";"gs-0506";"Medical Seeds";"0.000000";"19.5";"6000";"1";
"355";"http://www.semillaslowcost.com/img/p/3/7/9/379.jpg";"Hindu Kush Regular";"gs-0333";"Sensi Seeds";"0.000000";"26";"10";"1";
"642";"http://www.semillaslowcost.com/img/p/6/5/8/658.jpg";"Mazar x White Rhino";"gs-0610";"World of Seeds";"0.000000";"16.5";"3";"1";
"298";"http://www.semillaslowcost.com/img/p/3/1/6/316.jpg";"Little Cheese";"gs-0160";"Barney's Farm";"0.000000";"25";"5";"1";
"598";"http://www.semillaslowcost.com/img/p/6/1/1/611.jpg";"Confidential Cheese";"gs-0566";"DNA Genetics";"0.000000";"44";"6";"1";
"707";"http://www.semillaslowcost.com/img/p/7/4/1/741.jpg";"Black Domina";"gs-0015";"GeaSeeds";"0.000000";"1";"299";"1";
"541";"http://www.semillaslowcost.com/img/p/5/5/4/554.jpg";"Galaxy";"gs-0509";"Pyramid Seeds";"0.000000";"5";"3";"1";
"363";"http://www.semillaslowcost.com/img/p/3/7/1/371.jpg";"Silver Haze Regular";"gs-0325";"Sensi Seeds";"0.000000";"69.5";"10";"1";
"650";"http://www.semillaslowcost.com/img/p/6/6/3/663.jpg";"Northern Lights";"gs-0623";"White Label";"0.000000";"48.5";"5";"1";
"306";"http://www.semillaslowcost.com/img/p/3/2/4/324.jpg";"Tangelo Rapido";"gs-0280";"Barney's Farm";"0.000000";"13";"6";"1";
"715";"http://www.semillaslowcost.com/img/p/7/6/1/761.jpg";"Auto Somango";"gs-0661";"Geaseeds";"0.000000";"1";"292";"1";
"549";"http://www.semillaslowcost.com/img/p/5/6/2/562.jpg";"White Widow";"gs-0516";"Pyramid Seeds";"0.000000";"7";"2";"1";
"658";"http://www.semillaslowcost.com/img/p/6/7/1/671.jpg";"Purple Haze";"gs-0626";"White Label";"0.000000";"48.5";"5";"1";
"493";"http://www.semillaslowcost.com/img/p/5/0/1/501.jpg";"Sweet Purple";"gs-0456";"Paradise Seeds";"0.000000";"17";"6";"1";
"314";"http://www.semillaslowcost.com/img/p/3/3/2/332.jpg";"Jack Diesel Express";"gs-0286";"Positronics";"0.000000";"21.5";"5";"1";
"258";"http://www.semillaslowcost.com/img/p/2/7/6/276.jpg";"Sweet Trainwreck Auto";"gs-0236";"Sweet Seeds";"0.000000";"18";"3";"1";
"557";"http://www.semillaslowcost.com/img/p/5/6/6/566.jpg";"Anubis";"gs-0521";"Pyramid Seeds";"0.000000";"5.3";"2";"1";
"666";"http://www.semillaslowcost.com/img/p/6/7/4/674.jpg";"Critical";"gs-0634";"Seedmakers";"0.000000";"17.5";"5";"1";
"501";"http://www.semillaslowcost.com/img/p/5/1/4/514.jpg";"Queso";"gs-0480";"Kannabia";"0.000000";"25";"5";"1";
"322";"http://www.semillaslowcost.com/img/p/3/4/0/340.jpg";"Deimos Regulares ";"gs-0292";"Buddha Seeds";"0.000000";"30.5";"20";"1";
"610";"http://www.semillaslowcost.com/img/p/6/3/6/636.jpg";"Royal Moby";"gs-0591";"Royal Queen Seeds";"0.000000";"24";"3";"1";
"266";"http://www.semillaslowcost.com/img/p/2/8/4/284.jpg";"Polar Light Auto";"gs-0244";"Dutch Passion";"0.000000";"23.5";"6";"1";
"565";"http://www.semillaslowcost.com/img/p/5/7/4/574.jpg";"Chronic";"gs-0529";"Serious Seeds";"0.000000";"62";"6";"1";
"674";"http://www.semillaslowcost.com/img/p/6/8/7/687.jpg";"Zen Colección Medicinal";"gs-0642";"Colección Medicinal CBD Seeds";"0.000000";"8";"9000";"1";
"509";"http://www.semillaslowcost.com/img/p/5/2/2/522.jpg";"Power Skunk";"gs-0472";"Kannabia";"0.000000";"25";"5";"1";
"330";"http://www.semillaslowcost.com/img/p/3/4/5/345.jpg";"Orange Bud ® Regular";"gs-0296";"Dutch Passion";"0.000000";"30.5";"10";"1";
"618";"http://www.semillaslowcost.com/img/p/6/2/8/628.jpg";"Blue Mystic";"gs-0583";"Royal Queen Seeds";"0.000000";"19";"3";"1";
"155";"http://www.semillaslowcost.com/img/p/1/7/2/172.jpg";"Black Widow";"gs-0136";"Positronics";"0.000000";"12";"3";"1";
"117";"http://www.semillaslowcost.com/img/p/1/3/4/134.jpg";"Skunk 11";"gs-0100";"Dutch Passion";"0.000000";"14.5";"9";"1";
"456";"http://www.semillaslowcost.com/img/p/4/6/9/469.jpg";"Neville´s Haze";"gs-0429";"Green House Seeds";"0.000000";"35";"10";"1";
"61";"http://www.semillaslowcost.com/img/p/7/7/77.jpg";"Super Skunk";"gs-0048";"Sensi Seeds";"0.000000";"18";"12";"1";
"395";"http://www.semillaslowcost.com/img/p/4/1/2/412.jpg";"White Russian Regular";"gs-0365";"Serious Seeds";"0.000000";"62";"11";"1";
"221";"http://www.semillaslowcost.com/img/p/2/3/8/238.jpg";"OG Kush Auto";"gs-0199";"Dinafem";"0.000000";"9";"4";"1";
"163";"http://www.semillaslowcost.com/img/p/1/8/0/180.jpg";"Haze Mist";"gs-0143";"Advanced Seeds ";"0.000000";"20.5";"6";"1";
"125";"http://www.semillaslowcost.com/img/p/1/4/2/142.jpg";"Voodoo";"gs-0108";"Dutch Passion";"0.000000";"17";"9";"1";
"464";"http://www.semillaslowcost.com/img/p/4/7/8/478.jpg";"Arjan's Haze 2";"gs-0432";"Green House Seeds";"0.000000";"28";"10";"1";
"69";"http://www.semillaslowcost.com/img/p/8/5/85.jpg";"Skunk Kush Feminizada";"gs-0054";"Sensi Seeds";"0.000000";"26";"9";"1";
"403";"http://www.semillaslowcost.com/img/p/4/2/0/420.jpg";"White Ice Regular";"gs-0372";"White Label";"0.000000";"25";"10";"1";
"229";"http://www.semillaslowcost.com/img/p/2/4/6/246.jpg";"White Widow XXL Auto";"gs-0207";"Dinafem";"0.000000";"9";"9001";"1";
"171";"http://www.semillaslowcost.com/img/p/1/8/8/188.jpg";"Shark Widow";"gs-0151";"Advanced Seeds ";"0.000000";"12.5";"1";"1";
"133";"http://www.semillaslowcost.com/img/p/1/5/0/150.jpg";"Blueberry";"gs-0114";"Dutch Passion";"0.000000";"29";"9";"1";
"472";"http://www.semillaslowcost.com/img/p/4/8/2/482.jpg";"Train Wreck";"gs-0437";"Green House Seeds";"0.000000";"21.5";"10";"1";
"77";"http://www.semillaslowcost.com/img/p/9/3/93.jpg";"Cream Caramel";"gs-0061";"Sweet Seeds";"0.000000";"19.4";"6";"1";
"411";"http://www.semillaslowcost.com/img/p/4/2/8/428.jpg";"Afghan Haze Regular";"gs-0393";"Mr.Nice";"0.000000";"80";"15";"1";
"237";"http://www.semillaslowcost.com/img/p/2/5/4/254.jpg";"Dark Devil Auto";"gs-0215";"Sweet Seeds";"0.000000";"20";"6";"1";
"179";"http://www.semillaslowcost.com/img/p/1/9/6/196.jpg";"Utopia Haze";"gs-0159";"Barney's Farm";"0.000000";"34";"5";"1";
"480";"http://www.semillaslowcost.com/img/p/4/9/3/493.jpg";"Kalashnikova";"gs-0443";"Green House Seeds";"0.000000";"14.5";"10";"1";
"85";"http://www.semillaslowcost.com/img/p/1/0/2/102.jpg";"Psicodelicia";"gs-0069";"Sweet Seeds";"0.000000";"15.55";"6";"1";
"419";"http://www.semillaslowcost.com/img/p/4/3/6/436.jpg";"G13Haze Regular";"gs-0385";"Mr.Nice";"0.000000";"95";"15";"1";
"245";"http://www.semillaslowcost.com/img/p/2/6/2/262.jpg";"Mohan Ram Auto";"gs-0223";"Sweet Seeds";"0.000000";"15.9";"6";"1";
"29";"http://www.semillaslowcost.com/img/p/4/5/45.jpg";"Critical Kush";"gs-0022";"Dinafem";"0.000000";"7";"4";"1";
"188";"http://www.semillaslowcost.com/img/p/2/0/5/205.jpg";"Night Shade";"gs-0168";"Barney's Farm";"0.000000";"32.5";"5";"1";
"488";"http://www.semillaslowcost.com/img/p/5/0/6/506.jpg";"Opium";"gs-0461";"Paradise Seeds";"0.000000";"31";"6";"1";
"93";"http://www.semillaslowcost.com/img/p/1/1/0/110.jpg";"Green poison";"gs-0076";"Sweet Seeds";"0.000000";"18";"6";"1";
"427";"http://www.semillaslowcost.com/img/p/4/4/4/444.jpg";"Artic Sun";"gs-0408";"Flying Dutchmen";"0.000000";"39.5";"10";"1";
"253";"http://www.semillaslowcost.com/img/p/2/7/1/271.jpg";"Speed Devil 2";"gs-0231";"Sweet Seeds";"0.000000";"19.4";"6";"1";
"37";"http://www.semillaslowcost.com/img/p/5/3/53.jpg";"Blue Widow";"gs-0028";"Dinafem";"0.000000";"9";"4";"1";
"371";"http://www.semillaslowcost.com/img/p/3/8/8/388.jpg";"Indoor Mix";"gs-0342";"Sensi Seeds";"0.000000";"44";"10";"1";
"197";"http://www.semillaslowcost.com/img/p/2/1/4/214.jpg";"Nepalese Dragon";"gs-0175";"Barney's Farm";"0.000000";"26";"5";"1";
"101";"http://www.semillaslowcost.com/img/p/1/1/8/118.jpg";"Leshaze";"gs-0084";"Cannabiogen";"0.000000";"34";"5";"1";
"435";"http://www.semillaslowcost.com/img/p/4/5/2/452.jpg";"Dutchmen's Royal Orange Regular";"gs-0400";"Flying Dutchmen";"0.000000";"30.5";"10";"1";
"45";"http://www.semillaslowcost.com/img/p/6/1/61.jpg";"Moby Dick CBD";"gs-0035";"Dinafem";"0.000000";"10";"4";"1";
"379";"http://www.semillaslowcost.com/img/p/3/9/6/396.jpg";"Fruity Juice Regular";"gs-0354";"Sensi Seeds";"0.000000";"80";"10";"1";
"205";"http://www.semillaslowcost.com/img/p/2/2/2/222.jpg";"CBD Blue Shark";"gs-0183";"Barney's Farm";"0.000000";"21.5";"6";"1";
"146";"http://www.semillaslowcost.com/img/p/1/6/3/163.jpg";"Frisian Duck";"gs-0127";"Dutch Passion";"0.000000";"23";"3";"1";
"109";"http://www.semillaslowcost.com/img/p/1/2/6/126.jpg";"Sugarloaf";"gs-0092";"Cannabiogen";"0.000000";"49";"5";"1";
"448";"http://www.semillaslowcost.com/img/p/4/6/1/461.jpg";"Big Bang";"gs-0416";"Green House Seeds";"0.000000";"9";"9";"1";
"53";"http://www.semillaslowcost.com/img/p/6/9/69.jpg";"Shark Attack";"gs-0041";"Dinafem";"0.000000";"6";"4";"1";
"387";"http://www.semillaslowcost.com/img/p/4/0/3/403.jpg";"Early Pearl Regular";"gs-0346";"Sensi Seeds";"0.000000";"45";"10";"1";
"213";"http://www.semillaslowcost.com/img/p/2/3/0/230.jpg";"White Widow Autofloreciente";"gs-0191";"Dinafem";"0.000000";"6";"12000";"1";
"677";"http://www.semillaslowcost.com/img/p/6/9/5/695.jpg";"Diesel";"gs-0650";"Colección Clásica CBD Seeds";"0.000000";"7";"3";"1";
"512";"http://www.semillaslowcost.com/img/p/5/2/5/525.jpg";"White Domina";"gs-0469";"Kannabia";"0.000000";"25";"5";"1";
"333";"http://www.semillaslowcost.com/img/p/3/5/0/350.jpg";"Power Plant ® Regular";"gs-0299";"Dutch Passion";"0.000000";"36";"10";"1";
"621";"http://www.semillaslowcost.com/img/p/6/2/5/625.jpg";"Fruit Spirit";"gs-0580";"Royal Queen Seeds";"0.000000";"19";"3";"1";
"277";"http://www.semillaslowcost.com/img/p/2/9/5/295.jpg";"Biodiesel Mass Autofloreciente";"gs-0255";"Advanced Seeds";"0.000000";"16";"6";"1";
"576";"http://www.semillaslowcost.com/img/p/5/8/7/587.jpg";"Criminal ";"gs-0542";"Ripper Seeds";"0.000000";"4.4";"3";"1";
"685";"http://www.semillaslowcost.com/img/p/7/0/1/701.jpg";"Lavender";"gs-0653";"Colección Clásica CBD Seeds";"0.000000";"7";"3";"1";
"520";"http://www.semillaslowcost.com/img/p/5/3/3/533.jpg";"Excalibur";"gs-0488";"Eva Seeds";"0.000000";"21.5";"9";"1";
"342";"http://www.semillaslowcost.com/img/p/3/5/4/354.jpg";"Destroyer";"gs-0308";"Cannabiogen";"0.000000";"64";"10";"1";
"629";"http://www.semillaslowcost.com/img/p/6/4/1/641.jpg";"Marmalate";"gs-0592";"Delicious Seeds";"0.000000";"17.9";"6";"1";
"285";"http://www.semillaslowcost.com/img/p/3/0/2/302.jpg";"Auto Afghan Skunk";"gs-0262";"Advanced Seeds";"0.000000";"13";"6";"1";
"584";"http://www.semillaslowcost.com/img/p/5/9/7/597.jpg";" Hashplant Haze";"gs-0555";"DNA Genetics";"0.000000";"35";"6";"1";
"694";"http://www.semillaslowcost.com/img/p/7/2/8/728.jpg";"White Russian";"gs-0002";"GeaSeeds";"0.000000";"1";"271";"1";
"528";"http://www.semillaslowcost.com/img/p/5/4/2/542.jpg";"Devil Fruit";"gs-0497";"Medical Seeds";"0.000000";"16.5";"6";"1";
"350";"http://www.semillaslowcost.com/img/p/3/7/0/370.jpg";"Panama DC";"gs-0321";"Cannabiogen";"0.000000";"44";"10";"1";
"637";"http://www.semillaslowcost.com/img/p/6/5/0/650.jpg";"Critical Yumbolt";"gs-0601";"Delicious Seeds";"0.000000";"21.5";"6";"1";
"293";"http://www.semillaslowcost.com/img/p/3/1/1/311.jpg";"Buddha Purple Kush";"gs-0270";"Buddha Seeds";"0.000000";"4";"5";"1";
"592";"http://www.semillaslowcost.com/img/p/6/0/5/605.jpg";"Sweet Haze";"gs-0562";"DNA Genetics";"0.000000";"35";"6";"1";
"702";"http://www.semillaslowcost.com/img/p/7/3/6/736.jpg";"Kali Mist";"gs-0010";"GeaSeeds";"0.000000";"1";"299";"1";
"536";"http://www.semillaslowcost.com/img/p/5/4/8/548.jpg";"White Widow";"gs-0503";"Medical Seeds";"0.000000";"17.5";"6000";"1";
"358";"http://www.semillaslowcost.com/img/p/3/7/6/376.jpg";"Mr.Nice G13 x Hash Plant Regular";"gs-0330";"Sensi Seeds";"0.000000";"113.5";"10";"1";
"645";"http://www.semillaslowcost.com/img/p/6/5/5/655.jpg";"Northern Light x Big Bud";"gs-0613";"World of Seeds";"0.000000";"21.5";"3";"1";
"301";"http://www.semillaslowcost.com/img/p/3/1/9/319.jpg";"Blue Cheese Auto";"gs-0275";"Barney's Farm";"0.000000";"26";"5";"1";
"601";"http://www.semillaslowcost.com/img/p/6/1/4/614.jpg";"RKS";"gs-0569";"DNA Genetics";"0.000000";"35";"6";"1";
"710";"http://www.semillaslowcost.com/img/p/7/4/4/744.jpg";"Ak 47";"gs-0018";"GeaSeeds";"0.000000";"1";"264";"1";
"544";"http://www.semillaslowcost.com/img/p/5/5/7/557.jpg";"Lennon";"gs-0512";"Pyramid Seeds";"0.000000";"9";"3";"1";
"366";"http://www.semillaslowcost.com/img/p/3/8/3/383.jpg";"Four Way Regular";"gs-0337";"Sensi Seeds";"0.000000";"42";"10";"1";
"653";"http://www.semillaslowcost.com/img/p/6/6/6/666.jpg";"Pure Power Plant";"gs-0620";"White Label";"0.000000";"43";"5";"1";
"309";"http://www.semillaslowcost.com/img/p/3/2/7/327.jpg";"Critical Express Autofloreciente";"gs-0129";"Positronics";"0.000000";"5";"3";"1";
"718";"http://www.semillaslowcost.com/img/p/7/6/6/766.jpg";"Auto Northern Light";"gs-0665";"Geaseeds";"0.000000";"1";"295";"1";
"552";"http://www.semillaslowcost.com/img/p/5/7/1/571.jpg";"American Pie";"gs-0526";"Pyramid Seeds";"0.000000";"5.3";"2";"1";
"661";"http://www.semillaslowcost.com/img/p/6/7/9/679.jpg";"Jack widow";"gs-0629";"Seedmakers";"0.000000";"17.5";"5";"1";
"496";"http://www.semillaslowcost.com/img/p/5/0/9/509.jpg";"Delahaze";"gs-0466";"Paradise Seeds";"0.000000";"28";"6";"1";
"317";"http://www.semillaslowcost.com/img/p/3/3/4/334.jpg";"Rudelaris Skunk Regular Sensi Seeds Autofloreciente";"gs-0302";"Sensi Seeds";"0.000000";"35.6";"10";"1";
"605";"http://www.semillaslowcost.com/img/p/6/1/7/617.jpg";"Silver Kush";"gs-0577";"DNA Genetics";"0.000000";"53";"6";"1";
"261";"http://www.semillaslowcost.com/img/p/2/7/9/279.jpg";"Ice Cool Autofloreciente";"gs-0239";"Sweet Seeds";"0.000000";"20.15";"6";"1";
"560";"http://www.semillaslowcost.com/img/p/5/7/9/579.jpg";"Warlock";"gs-0534";"Serious Seeds";"0.000000";"45.5";"6";"1";
"669";"http://www.semillaslowcost.com/img/p/6/8/2/682.jpg";"Super Diesel";"gs-0637";"Seedmakers";"0.000000";"17.5";"5";"1";
"504";"http://www.semillaslowcost.com/img/p/5/1/7/517.jpg";"Big Band";"gs-0477";"Kannabia";"0.000000";"25";"5";"1";
"325";"http://www.semillaslowcost.com/img/p/3/4/2/342.jpg";"Durban Poison ® Regular";"gs-0305";"Dutch Passion";"0.000000";"31";"10";"1";
"613";"http://www.semillaslowcost.com/img/p/6/3/3/633.jpg";"Critical";"gs-0588";"Royal Queen Seeds";"0.000000";"22";"3";"1";
"269";"http://www.semillaslowcost.com/img/p/2/8/7/287.jpg";"Think Different Auto";"gs-0247";"Dutch Passion";"0.000000";"25.5";"6";"1";
"568";"http://www.semillaslowcost.com/img/p/5/8/9/589.jpg";"Toxic";"gs-0544";"Ripper Seeds";"0.000000";"4.6";"3";"1";
"216";"http://www.semillaslowcost.com/img/p/2/3/3/233.jpg";"Haze 2.0 Autofloreciente";"gs-0194";"Dinafem";"0.000000";"6";"4";"1";
"158";"http://www.semillaslowcost.com/img/p/1/7/5/175.jpg";"Claustrum";"gs-0138";"Positronics";"0.000000";"12";"3";"1";
"120";"http://www.semillaslowcost.com/img/p/1/3/7/137.jpg";"Frisian Dew";"gs-0103";"Dutch Passion";"0.000000";"15.5";"9";"1";
"459";"http://www.semillaslowcost.com/img/p/4/7/2/472.jpg";"White Rhino";"gs-0426";"Green House Seeds";"0.000000";"16";"9";"1";
"64";"http://www.semillaslowcost.com/img/p/8/0/80.jpg";"NL 5 x Haze";"gs-0050";"Sensi Seeds";"0.000000";"44";"9";"1";
"398";"http://www.semillaslowcost.com/img/p/4/1/5/415.jpg";"White Label Jack Herer Regular";"gs-0377";"White Label";"0.000000";"71";"10";"1";
"224";"http://www.semillaslowcost.com/img/p/2/4/1/241.jpg";"Bubba Kush Auto";"gs-0202";"Dinafem";"0.000000";"9";"4";"1";
"166";"http://www.semillaslowcost.com/img/p/1/8/3/183.jpg";"Ice Kush";"gs-0146";"Advanced Seeds ";"0.000000";"13.5";"6";"1";
"128";"http://www.semillaslowcost.com/img/p/1/4/5/145.jpg";"California Orange";"gs-0110";"Dutch Passion";"0.000000";"22.5";"9";"1";
"467";"http://www.semillaslowcost.com/img/p/4/7/5/475.jpg";"Arjan's Ultra Haze 2";"gs-0435";"Green House Seeds";"0.000000";"30.5";"10";"1";
"72";"http://www.semillaslowcost.com/img/p/8/8/88.jpg";"Sweet Special Fast Version";"gs-0057";"Sweet Seeds";"0.000000";"19.3";"3";"1";
"406";"http://www.semillaslowcost.com/img/p/4/2/6/426.jpg";"Double Gum Regular";"gs-0369";"White Label";"0.000000";"16";"10";"1";
"232";"http://www.semillaslowcost.com/img/p/2/4/9/249.jpg";"Haze XXL Auto";"gs-0210";"Dinafem";"0.000000";"8";"4";"1";
"174";"http://www.semillaslowcost.com/img/p/1/9/1/191.jpg";"Vanilla Kush";"gs-0154";"Barney's Farm";"0.000000";"31.5";"5";"1";
"136";"http://www.semillaslowcost.com/img/p/1/5/3/153.jpg";"Strawberry Cough";"gs-0117";"Dutch Passion";"0.000000";"23.5";"9";"1";
"475";"http://www.semillaslowcost.com/img/p/4/8/8/488.jpg";"Mobydick";"gs-0448";"Green House Seeds";"0.000000";"12.5";"9";"1";
"80";"http://www.semillaslowcost.com/img/p/9/6/96.jpg";"Cream 47";"gs-0064";"Sweet Seeds";"0.000000";"23.2";"6";"1";
"414";"http://www.semillaslowcost.com/img/p/4/3/1/431.jpg";"G13 x Widow Regular";"gs-0390";"Mr.Nice";"0.000000";"80";"15";"1";
"240";"http://www.semillaslowcost.com/img/p/2/5/7/257.jpg";"Sweet Cheese Auto";"gs-0218";"Sweet Seeds";"0.000000";"11.65";"6";"1";
"183";"http://www.semillaslowcost.com/img/p/2/0/0/200.jpg";"Laughin Buddha";"gs-0163";"Barney's Farm";"0.000000";"33";"5";"1";
"483";"http://www.semillaslowcost.com/img/p/4/9/6/496.jpg";"Dutch Dragon";"gs-0454";"Paradise Seeds";"0.000000";"25";"6";"1";
"88";"http://www.semillaslowcost.com/img/p/1/0/5/105.jpg";"Mohan Ram";"gs-0072";"Sweet Seeds";"0.000000";"16";"6";"1";
"422";"http://www.semillaslowcost.com/img/p/4/3/9/439.jpg";"Neville´s Haze Regular";"gs-0382";"Mr.Nice";"0.000000";"114";"15";"1";
"248";"http://www.semillaslowcost.com/img/p/2/6/5/265.jpg";"Jack 47 Auto";"gs-0226";"Sweet Seeds";"0.000000";"27";"6";"1";
"32";"http://www.semillaslowcost.com/img/p/4/8/48.jpg";"Kush N Cheese";"gs-0025";"Dinafem";"0.000000";"6";"4";"1";
"191";"http://www.semillaslowcost.com/img/p/2/0/8/208.jpg";"G 13 Haze";"gs-0171";"Barney's Farm";"0.000000";"36";"5";"1";
"96";"http://www.semillaslowcost.com/img/p/1/1/3/113.jpg";"Sweet Afghani Delicious Fast Version F1 S.A.D";"gs-0079";"Sweet Seeds";"0.000000";"14.75";"3";"1";
"430";"http://www.semillaslowcost.com/img/p/4/4/7/447.jpg";"Haley's Comet";"gs-0405";"Flying Dutchmen";"0.000000";"35";"10";"1";
"40";"http://www.semillaslowcost.com/img/p/5/6/56.jpg";"Royale Haze";"gs-0030";"Dinafem";"0.000000";"6";"4";"1";
"374";"http://www.semillaslowcost.com/img/p/3/9/1/391.jpg";"Guerrilla´s Gusto Regular ";"gs-0359";"Sensi Seeds";"0.000000";"20";"10";"1";
"200";"http://www.semillaslowcost.com/img/p/2/1/7/217.jpg";"Grape Ape";"gs-0179";"Barney's Farm";"0.000000";"25";"1";"1";
"141";"http://www.semillaslowcost.com/img/p/1/5/8/158.jpg";"Freddy's Best";"gs-0122";"Dutch Passion";"0.000000";"26";"9";"1";
"104";"http://www.semillaslowcost.com/img/p/1/2/1/121.jpg";"Taskenti";"gs-0087";"Cannabiogen";"0.000000";"49";"5";"1";
"438";"http://www.semillaslowcost.com/img/p/4/5/5/455.jpg";"Thai-tanic Regular";"gs-0397";"Flying Dutchmen";"0.000000";"26";"10";"1";
"48";"http://www.semillaslowcost.com/img/p/6/4/64.jpg";"Critical + 2.0";"gs-0037";"Dinafem";"0.000000";"8";"4";"1";
"382";"http://www.semillaslowcost.com/img/p/3/9/8/398.jpg";"Shiva Skunk Regular";"gs-0351";"Sensi Seeds";"0.000000";"26";"10";"1";
"208";"http://www.semillaslowcost.com/img/p/2/2/5/225.jpg";"White Cheese Auto Autofloreciente";"gs-0186";"Dinafem";"0.000000";"5.5";"4";"1";
"150";"http://www.semillaslowcost.com/img/p/1/6/7/167.jpg";"Caramelice";"gs-0131";"Positronics";"0.000000";"9";"3";"1";
"112";"http://www.semillaslowcost.com/img/p/1/2/9/129.jpg";"Kraken";"gs-0095";"Buddha Seeds";"0.000000";"5.8";"3";"1";
"451";"http://www.semillaslowcost.com/img/p/4/6/5/465.jpg";"Great White Shark";"gs-0419";"Green House Seeds";"0.000000";"16";"9";"1";
"56";"http://www.semillaslowcost.com/img/p/7/2/72.jpg";"White Siberian";"gs-0044";"Dinafem";"0.000000";"6.5";"4";"1";
"390";"http://www.semillaslowcost.com/img/p/4/0/7/407.jpg";"Ak-47 Regular";"gs-0360";"Serious Seeds";"0.000000";"71";"11";"1";
"571";"http://www.semillaslowcost.com/img/p/5/8/2/582.jpg";"Ripper Haze";"gs-0537";"Ripper Seeds";"0.000000";"6.2";"3";"1";
"680";"http://www.semillaslowcost.com/img/p/6/9/2/692.jpg";"Amnesia 5";"gs-0647";"Colección Clásica CBD Seeds";"0.000000";"7";"3";"1";
"515";"http://www.semillaslowcost.com/img/p/5/2/8/528.jpg";"Pink Plant";"gs-0484";"Eva Seeds";"0.000000";"19";"9";"1";
"337";"http://www.semillaslowcost.com/img/p/3/5/9/359.jpg";"Sugarloaf";"gs-0313";"Cannabiogen";"0.000000";"49";"10";"1";
"624";"http://www.semillaslowcost.com/img/p/6/4/2/642.jpg";"Cheese Candy";"gs-0597";"Delicious Seeds";"0.000000";"26";"6";"1";
"280";"http://www.semillaslowcost.com/img/p/2/9/8/298.jpg";"Low Girl Autofloreciente";"gs-0257";"Advanced Seeds";"0.000000";"29";"6";"1";
"579";"http://www.semillaslowcost.com/img/p/5/9/3/593.jpg";"C13 Haze";"gs-0548";"DNA Genetics";"0.000000";"35";"6";"1";
"688";"http://www.semillaslowcost.com/img/p/6/9/8/698.jpg";"Widow";"gs-0656";"Colección Clásica CBD Seeds";"0.000000";"6";"9000";"1";
"523";"http://www.semillaslowcost.com/img/p/5/3/6/536.jpg";"White Dragon";"gs-0491";"Eva Seeds";"0.000000";"21.5";"3";"1";
"345";"http://www.semillaslowcost.com/img/p/3/6/2/362.jpg";"Bangi Haze";"gs-0316";"Cannabiogen";"0.000000";"23";"10";"1";
"632";"http://www.semillaslowcost.com/img/p/6/4/5/645.jpg";"Critical Jack Herer";"gs-0606";"Delicious Seeds";"0.000000";"23.3";"6";"1";
"288";"http://www.semillaslowcost.com/img/p/3/0/5/305.jpg";"Auto Heavy Bud";"gs-0265";"Advanced Seeds";"0.000000";"13";"6";"1";
"587";"http://www.semillaslowcost.com/img/p/6/0/0/600.jpg";"ReCon";"gs-0552";"DNA Genetics";"0.000000";"48.5";"6";"1";
"697";"http://www.semillaslowcost.com/img/p/7/3/1/731.jpg";"Somango";"gs-0005";"GeaSeeds";"0.000000";"1";"274";"1";
"531";"http://www.semillaslowcost.com/img/p/5/3/9/539.jpg";"1024";"gs-0494";"Medical Seeds";"0.000000";"21";"6";"1";
"353";"http://www.semillaslowcost.com/img/p/3/6/9/369.jpg";"SandStorm";"gs-0324";"Cannabiogen";"0.000000";"18";"10";"1";
"640";"http://www.semillaslowcost.com/img/p/6/5/2/652.jpg";"Sugar Candy";"gs-0598";"Delicious Seeds";"0.000000";"30";"3";"1";
"296";"http://www.semillaslowcost.com/img/p/3/1/4/314.jpg";"Deimos";"gs-0272";"Buddha Seeds";"0.000000";"6";"5";"1";
"595";"http://www.semillaslowcost.com/img/p/6/0/8/608.jpg";"Sharksbreath 09";"gs-0559";"DNA Genetics";"0.000000";"35";"6";"1";
"705";"http://www.semillaslowcost.com/img/p/7/3/9/739.jpg";"Jack 47";"gs-0013";"GeaSeeds";"0.000000";"1";"274";"1";
"539";"http://www.semillaslowcost.com/img/p/5/4/5/545.jpg";"Y griega CBD";"gs-0500";"Medical Seeds";"0.000000";"19.5";"3003";"1";
"361";"http://www.semillaslowcost.com/img/p/3/7/3/373.jpg";"Hash Plant Regular";"gs-0327";"Sensi Seeds";"0.000000";"96";"10";"1";
"648";"http://www.semillaslowcost.com/img/p/6/6/0/660.jpg";"Armagedon Moon";"gs-0616";"The Moon Seeds";"0.000000";"23";"3";"1";
"304";"http://www.semillaslowcost.com/img/p/3/2/2/322.jpg";"Blue Mammoth";"gs-0278";"Barney's Farm";"0.000000";"25";"5";"1";
"604";"http://www.semillaslowcost.com/img/p/6/2/2/622.jpg";"Sour Diesel";"gs-0572";"DNA Genetics";"0.000000";"62";"6";"1";
"713";"http://www.semillaslowcost.com/img/p/7/6/3/763.jpg";"Auto Amnesia";"gs-0660";"Geaseeds";"0.000000";"1";"297";"1";
"547";"http://www.semillaslowcost.com/img/p/5/5/9/559.jpg";"Anesthesia";"gs-0518";"Pyramid Seeds";"0.000000";"5.3";"1";"1";
"369";"http://www.semillaslowcost.com/img/p/3/8/6/386.jpg";"Northern Lights";"gs-0340";"Sensi Seeds";"0.000000";"108.5";"10";"1";
"656";"http://www.semillaslowcost.com/img/p/6/7/3/673.jpg";"Skunk 1";"gs-0628";"White Label";"0.000000";"19";"5";"1";
"491";"http://www.semillaslowcost.com/img/p/5/0/3/503.jpg";"Jacky White";"gs-0458";"Paradise Seeds";"0.000000";"28";"6";"1";
"312";"http://www.semillaslowcost.com/img/p/3/3/0/330.jpg";"Super Cheese Express";"gs-0284";"Positronics";"0.000000";"21.5";"5";"1";
"256";"http://www.semillaslowcost.com/img/p/2/7/4/274.jpg";"Speed Devil Auto";"gs-0234";"Sweet Seeds";"0.000000";"13.85";"6";"1";
"555";"http://www.semillaslowcost.com/img/p/5/6/8/568.jpg";"Fresh Candy";"gs-0523";"Pyramid Seeds";"0.000000";"5.2";"2";"1";
"664";"http://www.semillaslowcost.com/img/p/6/7/6/676.jpg";"Blizzard";"gs-0632";"Seedmakers";"0.000000";"17.5";"5";"1";
"499";"http://www.semillaslowcost.com/img/p/5/1/2/512.jpg";"Wappa";"gs-0463";"Paradise Seeds";"0.000000";"17";"6";"1";
"320";"http://www.semillaslowcost.com/img/p/3/3/8/338.jpg";"Syrup regular";"gs-0303";"Buddha Seeds";"0.000000";"26";"10";"1";
"608";"http://www.semillaslowcost.com/img/p/6/2/0/620.jpg";"Tora Bora";"gs-0574";"DNA Genetics";"0.000000";"53";"6";"1";
"264";"http://www.semillaslowcost.com/img/p/2/8/2/282.jpg";"Auto Blueberry";"gs-0242";"Dutch Passion";"0.000000";"25.5";"6";"1";
"563";"http://www.semillaslowcost.com/img/p/5/7/6/576.jpg";"Biddy Early";"gs-0531";"Serious Seeds";"0.000000";"29.5";"6";"1";
"672";"http://www.semillaslowcost.com/img/p/6/8/9/689.jpg";"CBD Amnesia Colección Medicinal";"gs-0644";"Colección Medicinal CBD Seeds";"0.000000";"24";"6";"1";
"507";"http://www.semillaslowcost.com/img/p/5/2/0/520.jpg";"La Reina de Africa";"gs-0474";"Kannabia";"0.000000";"25";"5";"1";
"328";"http://www.semillaslowcost.com/img/p/3/4/7/347.jpg";"Mazar ® Regular";"gs-0306";"Dutch Passion";"0.000000";"41";"10";"1";
"616";"http://www.semillaslowcost.com/img/p/6/3/0/630.jpg";"Ice";"gs-0585";"Royal Queen Seeds";"0.000000";"19";"3";"1";
"272";"http://www.semillaslowcost.com/img/p/2/9/0/290.jpg";"Auto Xtreme";"gs-0250";"Dutch Passion";"0.000000";"27";"3";"1";
"59";"http://www.semillaslowcost.com/img/p/7/5/75.jpg";"Blue Kush ";"gs-0047";"Dinafem";"0.000000";"9";"4";"1";
"393";"http://www.semillaslowcost.com/img/p/4/1/0/410.jpg";"Kali Mist Regular";"gs-0363";"Serious Seeds";"0.000000";"71";"11";"1";
"219";"http://www.semillaslowcost.com/img/p/2/3/6/236.jpg";"Roadrunner Autofloreciente";"gs-0197";"Dinafem";"0.000000";"5";"4";"1";
"161";"http://www.semillaslowcost.com/img/p/1/7/8/178.jpg";"Black Diesel";"gs-0141";"Advanced Seeds ";"0.000000";"23";"6";"1";
"123";"http://www.semillaslowcost.com/img/p/1/4/0/140.jpg";"Orange Bud";"gs-0106";"Dutch Passion";"0.000000";"21";"9";"1";
"462";"http://www.semillaslowcost.com/img/p/4/8/0/480.jpg";" Arjan's Strawberry Haze";"gs-0430";"Green House Seeds";"0.000000";"30.5";"10";"1";
"67";"http://www.semillaslowcost.com/img/p/8/3/83.jpg";"Northern Lights ";"gs-0053";"Sensi Seeds";"0.000000";"29";"9";"1";
"401";"http://www.semillaslowcost.com/img/p/4/1/8/418.jpg";"White Label Rhino Regular";"gs-0374";"White Label";"0.000000";"31.5";"10";"1";
"227";"http://www.semillaslowcost.com/img/p/2/4/4/244.jpg";"Blue Kush Auto";"gs-0205";"Dinafem";"0.000000";"8";"2";"1";
"169";"http://www.semillaslowcost.com/img/p/1/8/6/186.jpg";"Somango Widow";"gs-0149";"Advanced Seeds ";"0.000000";"22.5";"6";"1";
"131";"http://www.semillaslowcost.com/img/p/1/4/8/148.jpg";"Euforia";"gs-0113";"Dutch Passion";"0.000000";"23.5";"9";"1";
"470";"http://www.semillaslowcost.com/img/p/4/8/4/484.jpg";"Super Critical";"gs-0439";"Green House Seeds";"0.000000";"12.5";"9";"1";
"75";"http://www.semillaslowcost.com/img/p/9/1/91.jpg";"Sweet Cheese Fast Version";"gs-0060";"Sweet Seeds";"0.000000";"12.5";"3";"1";
"409";"http://www.semillaslowcost.com/img/p/4/2/4/424.jpg";"White Widow Regular";"gs-0366";"White Label";"0.000000";"32.5";"3000";"1";
"235";"http://www.semillaslowcost.com/img/p/2/5/2/252.jpg";"Northern Lights Autofloreciente Sensi Seeds";"gs-0213";"Sensi Seeds";"0.000000";"16";"9";"1";
"177";"http://www.semillaslowcost.com/img/p/1/9/4/194.jpg";"Violator Kush";"gs-0157";"Barney's Farm";"0.000000";"33";"5";"1";
"478";"http://www.semillaslowcost.com/img/p/4/9/1/491.jpg";"Kaia Kush";"gs-0445";"Green House Seeds";"0.000000";"23.5";"10";"1";
"83";"http://www.semillaslowcost.com/img/p/1/0/0/100.jpg";"Ganesh Spirit";"gs-0067";"Sweet Seeds";"0.000000";"12.15";"6";"1";
"417";"http://www.semillaslowcost.com/img/p/4/3/4/434.jpg";"Medicine Man Regular";"gs-0387";"Mr.Nice";"0.000000";"95";"15";"1";
"243";"http://www.semillaslowcost.com/img/p/2/6/0/260.jpg";"Green Poison Auto";"gs-0221";"Sweet Seeds";"0.000000";"18.1";"6";"1";
"27";"http://www.semillaslowcost.com/img/p/4/3/43.jpg";"Diesel";"gs-0020";"Dinafem";"0.000000";"5.5";"4";"1";
"186";"http://www.semillaslowcost.com/img/p/2/0/3/203.jpg";"Blue Cheese";"gs-0166";"Barney's Farm";"0.000000";"31.5";"10";"1";
"486";"http://www.semillaslowcost.com/img/p/4/9/9/499.jpg";"Acid";"gs-0451";"Paradise Seeds";"0.000000";"25";"6";"1";
"91";"http://www.semillaslowcost.com/img/p/1/0/8/108.jpg";"Jack 47";"gs-0075";"Sweet Seeds";"0.000000";"27";"6";"1";
"425";"http://www.semillaslowcost.com/img/p/4/4/2/442.jpg";"Titan's Haze";"gs-0410";"Flying Dutchmen";"0.000000";"44";"10";"1";
"251";"http://www.semillaslowcost.com/img/p/2/6/8/268.jpg";"Fast Bud 2 Auto";"gs-0229";"Sweet Seeds";"0.000000";"15.6";"6";"1";
"35";"http://www.semillaslowcost.com/img/p/5/1/51.jpg";"Critical +";"gs-0027";"Dinafem";"0.000000";"8.5";"4";"1";
"194";"http://www.semillaslowcost.com/img/p/2/1/1/211.jpg";"Tangerine Dream";"gs-0174";"Barney's Farm";"0.000000";"34";"5";"1";
"99";"http://www.semillaslowcost.com/img/p/1/1/6/116.jpg";"Killer Kush Fast Version";"gs-0082";"Sweet Seeds";"0.000000";"15.9";"3";"1";
"433";"http://www.semillaslowcost.com/img/p/4/5/0/450.jpg";"Mixed Sativa Divas Regular";"gs-0402";"Flying Dutchmen";"0.000000";"35";"10";"1";
"43";"http://www.semillaslowcost.com/img/p/5/9/59.jpg";"Bubba Kush";"gs-0033";"Dinafem";"0.000000";"9";"4";"1";
"377";"http://www.semillaslowcost.com/img/p/3/9/4/394.jpg";"Jamaican Pearl Regular";"gs-0356";"Sensi Seeds";"0.000000";"45";"10";"1";
"203";"http://www.semillaslowcost.com/img/p/2/2/0/220.jpg";"Triple Cheese";"gs-0181";"Barney's Farm";"0.000000";"33";"5";"1";
"144";"http://www.semillaslowcost.com/img/p/1/6/1/161.jpg";"Night Queen";"gs-0125";"Dutch Passion";"0.000000";"25.5";"9";"1";
"107";"http://www.semillaslowcost.com/img/p/1/2/4/124.jpg";"Caribe";"gs-0090";"Cannabiogen";"0.000000";"44";"5";"1";
"441";"http://www.semillaslowcost.com/img/p/4/5/8/458.jpg";"The Pure Regular";"gs-0394";"Flying Dutchmen";"0.000000";"17";"10";"1";
"51";"http://www.semillaslowcost.com/img/p/6/7/67.jpg";"Santa Sativa";"gs-0039";"Dinafem";"0.000000";"7";"4";"1";
"385";"http://www.semillaslowcost.com/img/p/4/0/1/401.jpg";"Early Girl Regular";"gs-0348";"Sensi Seeds";"0.000000";"45";"10";"1";
"211";"http://www.semillaslowcost.com/img/p/2/2/8/228.jpg";"Blue Cheese Autofloreciente";"gs-0189";"Dinafem";"0.000000";"5.5";"4";"1";
"153";"http://www.semillaslowcost.com/img/p/1/7/0/170.jpg";"Blue Rhino";"gs-0134";"Positronics";"0.000000";"10";"3";"1";
"115";"http://www.semillaslowcost.com/img/p/1/3/2/132.jpg";"Trance";"gs-0098";"Dutch Passion";"0.000000";"18";"9";"1";
"454";"http://www.semillaslowcost.com/img/p/4/6/8/468.jpg";"Cheese";"gs-0422";"Green House Seeds";"0.000000";"12";"9";"1";
"619";"http://www.semillaslowcost.com/img/p/6/2/7/627.jpg";"Shining Silver Haze";"gs-0582";"Royal Queen Seeds";"0.000000";"22";"3";"1";
"275";"http://www.semillaslowcost.com/img/p/2/9/3/293.jpg";"Blue Auto Mazar";"gs-0253";"Dutch Passion";"0.000000";"27";"3";"1";
"574";"http://www.semillaslowcost.com/img/p/5/8/6/586.jpg";"Grapegum";"gs-0541";"Ripper Seeds";"0.000000";"3.5";"3";"1";
"683";"http://www.semillaslowcost.com/img/p/7/0/3/703.jpg";"Kali";"gs-0651";"Colección Clásica CBD Seeds";"0.000000";"7";"3";"1";
"518";"http://www.semillaslowcost.com/img/p/5/3/1/531.jpg";"Monster Eva Seeds";"gs-0481";"Eva Seeds";"0.000000";"16";"9";"1";
"340";"http://www.semillaslowcost.com/img/p/3/5/7/357.jpg";"Caribe";"gs-0310";"Cannabiogen";"0.000000";"44";"10";"1";
"627";"http://www.semillaslowcost.com/img/p/6/3/9/639.jpg";"Black Russian";"gs-0594";"Delicious Seeds";"0.000000";"21.5";"6";"1";
"283";"http://www.semillaslowcost.com/img/p/3/0/9/309.jpg";"Auto Kaya 47";"gs-0260";"Advanced Seeds";"0.000000";"19";"6";"1";
"582";"http://www.semillaslowcost.com/img/p/5/9/0/590.jpg";"Chocolope";"gs-0545";"DNA Genetics";"0.000000";"53";"6";"1";
"692";"http://www.semillaslowcost.com/img/p/7/2/6/726.jpg";"Cole Train";"gs-0557";"DNA Genetics";"0.000000";"44";"6";"1";
"526";"http://www.semillaslowcost.com/img/p/5/4/4/544.jpg";"Channel +";"gs-0499";"Medical Seeds";"0.000000";"19.5";"6";"1";
"348";"http://www.semillaslowcost.com/img/p/3/6/5/365.jpg";"Mangobiche";"gs-0319";"Cannabiogen";"0.000000";"31";"10";"1";
"635";"http://www.semillaslowcost.com/img/p/6/4/8/648.jpg";"Critical Sensi Star";"gs-0603";"Delicious Seeds";"0.000000";"25";"6";"1";
"291";"http://www.semillaslowcost.com/img/p/3/0/8/308.jpg";"Auto New York City";"gs-0268";"Advanced Seeds";"0.000000";"17";"6";"1";
"590";"http://www.semillaslowcost.com/img/p/6/0/3/603.jpg";"Exodus Kush";"gs-0564";"DNA Genetics";"0.000000";"62";"6";"1";
"700";"http://www.semillaslowcost.com/img/p/7/3/4/734.jpg";"Jack Herer";"gs-0008";"GeaSeeds";"0.000000";"1";"300";"1";
"534";"http://www.semillaslowcost.com/img/p/5/5/0/550.jpg";"Malakoff";"gs-0505";"Medical Seeds";"0.000000";"20";"6";"1";
"356";"http://www.semillaslowcost.com/img/p/3/7/8/378.jpg";"Black Domina Regular";"gs-0332";"Sensi Seeds";"0.000000";"79";"10";"1";
"643";"http://www.semillaslowcost.com/img/p/6/5/7/657.jpg";"Afghan Kush x Skunk";"gs-0611";"World of Seeds";"0.000000";"16";"3";"1";
"299";"http://www.semillaslowcost.com/img/p/3/1/7/317.jpg";"Pineapple Express";"gs-0176";"Barney's Farm";"0.000000";"27";"5";"1";
"599";"http://www.semillaslowcost.com/img/p/6/1/2/612.jpg";"Kandy Kush";"gs-0567";"DNA Genetics";"0.000000";"53";"6";"1";
"708";"http://www.semillaslowcost.com/img/p/7/4/2/742.jpg";"G13";"gs-0016";"GeaSeeds";"0.000000";"1";"299";"1";
"542";"http://www.semillaslowcost.com/img/p/5/5/5/555.jpg";"Tutankhamon";"gs-0510";"Pyramid Seeds";"0.000000";"6";"2";"1";
"364";"http://www.semillaslowcost.com/img/p/3/8/1/381.jpg";"Maple Leaf Indica Regular ";"gs-0335";"Sensi Seeds";"0.000000";"40";"10";"1";
"651";"http://www.semillaslowcost.com/img/p/6/6/4/664.jpg";"White Ice";"gs-0622";"White Label";"0.000000";"44";"5";"1";
"307";"http://www.semillaslowcost.com/img/p/3/2/5/325.jpg";"Grape Muerte";"gs-0281";"Barney's Farm";"0.000000";"12.9";"6";"1";
"716";"http://www.semillaslowcost.com/img/p/7/6/2/762.jpg";"Auto Ak 47";"gs-0662";"Geaseeds";"0.000000";"1";"297";"1";
"550";"http://www.semillaslowcost.com/img/p/5/6/3/563.jpg";"Blue Pyramid";"gs-0515";"Pyramid Seeds";"0.000000";"4.4";"1";"1";
"659";"http://www.semillaslowcost.com/img/p/6/7/0/670.jpg";"White Gold";"gs-0625";"White Label";"0.000000";"53";"5";"1";
"494";"http://www.semillaslowcost.com/img/p/5/0/7/507.jpg";"Original Cheese";"gs-0468";"Paradise Seeds";"0.000000";"22.5";"6";"1";
"315";"http://www.semillaslowcost.com/img/p/3/3/3/333.jpg";"Critical 47 Express";"gs-0287";"Positronics";"0.000000";"21.5";"5";"1";
"259";"http://www.semillaslowcost.com/img/p/2/7/7/277.jpg";"Killer Kush Auto";"gs-0237";"Sweet Seeds";"0.000000";"15.9";"3";"1";
"558";"http://www.semillaslowcost.com/img/p/5/6/5/565.jpg";"Super Og Kush";"gs-0520";"Pyramid Seeds";"0.000000";"5.3";"2";"1";
"667";"http://www.semillaslowcost.com/img/p/6/8/0/680.jpg";"Wonder Skunk";"gs-0639";"Seedmakers";"0.000000";"17.5";"5";"1";
"502";"http://www.semillaslowcost.com/img/p/5/1/5/515.jpg";"Afrodite";"gs-0479";"Kannabia";"0.000000";"25";"5";"1";
"323";"http://www.semillaslowcost.com/img/p/3/4/1/341.jpg";"White Widow x The Ultimate® Regular";"gs-0293";"Dutch Passion";"0.000000";"63";"3000";"1";
"611";"http://www.semillaslowcost.com/img/p/6/3/5/635.jpg";"Special Queen 1";"gs-0590";"Royal Queen Seeds";"0.000000";"8";"1";"1";
"267";"http://www.semillaslowcost.com/img/p/2/8/5/285.jpg";"Tundra 2 Auto";"gs-0245";"Dutch Passion";"0.000000";"20.5";"6";"1";
"566";"http://www.semillaslowcost.com/img/p/5/7/3/573.jpg";"Ak 47 Marihuana";"gs-0528";"Serious Seeds";"0.000000";"71";"6";"1";
"675";"http://www.semillaslowcost.com/img/p/6/8/6/686.jpg";"Magma Colección Medicinal";"gs-0641";"Colección Medicinal CBD Seeds";"0.000000";"8";"3";"1";
"510";"http://www.semillaslowcost.com/img/p/5/2/3/523.jpg";"Smile";"gs-0471";"Kannabia";"0.000000";"25";"5";"1";
"331";"http://www.semillaslowcost.com/img/p/3/5/3/353.jpg";"White Widow Regular";"gs-0297";"Dutch Passion";"0.000000";"63";"10";"1";
"156";"http://www.semillaslowcost.com/img/p/1/7/3/173.jpg";"Cum Laude";"gs-0137";"Positronics";"0.000000";"9";"3";"1";
"118";"http://www.semillaslowcost.com/img/p/1/3/5/135.jpg";"Durban Poison";"gs-0101";"Dutch Passion";"0.000000";"20";"9";"1";
"457";"http://www.semillaslowcost.com/img/p/4/7/0/470.jpg";"Hawaiian Snow";"gs-0428";"Green House Seeds";"0.000000";"21.5";"9";"1";
"62";"http://www.semillaslowcost.com/img/p/7/8/78.jpg";"Big Bud";"gs-0049";"Sensi Seeds";"0.000000";"25";"12";"1";
"396";"http://www.semillaslowcost.com/img/p/4/1/3/413.jpg";"White Label Regular";"gs-0379";"White Label";"0.000000";"48.5";"10";"1";
"222";"http://www.semillaslowcost.com/img/p/2/3/9/239.jpg";"Cheese XXL Auto";"gs-0200";"Dinafem";"0.000000";"7";"4";"1";
"164";"http://www.semillaslowcost.com/img/p/1/8/1/181.jpg";"Early Widow";"gs-0144";"Advanced Seeds ";"0.000000";"13.5";"6";"1";
"126";"http://www.semillaslowcost.com/img/p/1/4/3/143.jpg";"Brainstorm";"gs-0108";"Dutch Passion";"0.000000";"14.5";"9";"1";
"465";"http://www.semillaslowcost.com/img/p/4/7/7/477.jpg";"Pure Kush";"gs-0433";"Green House Seeds";"0.000000";"19";"10";"1";
"70";"http://www.semillaslowcost.com/img/p/8/6/86.jpg";"Early Skunk";"gs-0055";"Sensi Seeds";"0.000000";"17";"12";"1";
"404";"http://www.semillaslowcost.com/img/p/4/2/1/421.jpg";"Cali Orange Bud Regular";"gs-0371";"White Label";"0.000000";"35";"10";"1";
"230";"http://www.semillaslowcost.com/img/p/2/4/7/247.jpg";"Blue Amnesia XXL";"gs-0208";"Dinafem";"0.000000";"6";"4";"1";
"172";"http://www.semillaslowcost.com/img/p/1/8/9/189.jpg";"Kaya 47";"gs-0152";"Advanced Seeds ";"0.000000";"8.5";"3";"1";
"134";"http://www.semillaslowcost.com/img/p/1/5/1/151.jpg";"Snow Bud";"gs-0115";"Dutch Passion";"0.000000";"15.5";"9";"1";
"473";"http://www.semillaslowcost.com/img/p/4/8/1/481.jpg";"King Kush";"gs-0436";"Green House Seeds";"0.000000";"14.3";"9";"1";
"78";"http://www.semillaslowcost.com/img/p/9/4/94.jpg";"S.A.D. S1";"gs-0062";"Sweet Seeds";"0.000000";"14.7";"6";"1";
"412";"http://www.semillaslowcost.com/img/p/4/2/9/429.jpg";"Black Widow Regular";"gs-0392";"Mr.Nice";"0.000000";"80";"15";"1";
"238";"http://www.semillaslowcost.com/img/p/2/5/5/255.jpg";"Red Poison Auto";"gs-0216";"Sweet Seeds";"0.000000";"18";"6";"1";
"181";"http://www.semillaslowcost.com/img/p/1/9/8/198.jpg";"Amnesia Lemon";"gs-0161";"Barney's Farm";"0.000000";"32.5";"5";"1";
"481";"http://www.semillaslowcost.com/img/p/4/9/4/494.jpg";"Super Bud";"gs-0442";"Green House Seeds";"0.000000";"14.5";"10";"1";
"86";"http://www.semillaslowcost.com/img/p/1/0/3/103.jpg";"Wild Rose";"gs-0070";"Sweet Seeds";"0.000000";"15.9";"3003";"1";
"420";"http://www.semillaslowcost.com/img/p/4/3/7/437.jpg";"NL5 x Haze Regular";"gs-0384";"Mr.Nice";"0.000000";"89";"15";"1";
"246";"http://www.semillaslowcost.com/img/p/2/6/3/263.jpg";"Black Jack Auto";"gs-0224";"Sweet Seeds";"0.000000";"19.4";"6";"1";
"30";"http://www.semillaslowcost.com/img/p/4/6/46.jpg";"Deep Cheese";"gs-0023";"Dinafem";"0.000000";"6";"4";"1";
"189";"http://www.semillaslowcost.com/img/p/2/0/6/206.jpg";"Sweet Tooth";"gs-0169";"Barney's Farm";"0.000000";"33";"5";"1";
"489";"http://www.semillaslowcost.com/img/p/5/0/5/505.jpg";"Durga Mata";"gs-0460";"Paradise Seeds";"0.000000";"17";"6";"1";
"94";"http://www.semillaslowcost.com/img/p/1/1/1/111.jpg";"Black Jack Fast Version F1";"gs-0077";"Sweet Seeds";"0.000000";"15.5";"3";"1";
"428";"http://www.semillaslowcost.com/img/p/4/4/5/445.jpg";"Swazi Safari";"gs-0407";"Flying Dutchmen";"0.000000";"39.5";"10";"1";
"254";"http://www.semillaslowcost.com/img/p/2/7/2/272.jpg";"Sweet Special Auto";"gs-0232";"Sweet Seeds";"0.000000";"20.15";"6";"1";
"38";"http://www.semillaslowcost.com/img/p/5/4/54.jpg";"White Widow";"gs-0028";"Dinafem";"0.000000";"8";"12000";"1";
"372";"http://www.semillaslowcost.com/img/p/3/8/9/389.jpg";"Shiva Shanti II ";"gs-0343";"Sensi Seeds";"0.000000";"16.5";"10";"1";
"198";"http://www.semillaslowcost.com/img/p/2/1/5/215.jpg";"Honey B";"gs-0177";"Barney's Farm";"0.000000";"28";"1";"1";
"139";"http://www.semillaslowcost.com/img/p/1/5/6/156.jpg";"Pamir Gold";"gs-0120";"Dutch Passion";"0.000000";"18";"9";"1";
"102";"http://www.semillaslowcost.com/img/p/1/1/9/119.jpg";"Sandstorm";"gs-0085";"Cannabiogen";"0.000000";"39";"5";"1";
"436";"http://www.semillaslowcost.com/img/p/4/5/3/453.jpg";"Afghanica Regular";"gs-0399";"Flying Dutchmen";"0.000000";"30.5";"10";"1";
"46";"http://www.semillaslowcost.com/img/p/6/2/62.jpg";"Blue Cheese";"gs-0036";"Dinafem";"0.000000";"6.5";"4";"1";
"380";"http://www.semillaslowcost.com/img/p/4/0/6/406.jpg";"Mexican Sativa Regular";"gs-0353";"Sensi Seeds";"0.000000";"17.5";"10";"1";
"206";"http://www.semillaslowcost.com/img/p/2/2/3/223.jpg";"Critical+ 2.0 Autofloreciente";"gs-0184";"Dinafem";"0.000000";"8";"4";"1";
"147";"http://www.semillaslowcost.com/img/p/1/6/4/164.jpg";"Purple Haze";"gs-0128";"Positronics";"0.000000";"13";"3";"1";
"110";"http://www.semillaslowcost.com/img/p/1/2/7/127.jpg";"Quasar";"gs-0093";"Buddha Seeds";"0.000000";"5.5";"4";"1";
"449";"http://www.semillaslowcost.com/img/p/4/6/3/463.jpg";"The Doctor";"gs-0417";"Green House Seeds";"0.000000";"9";"9";"1";
"54";"http://www.semillaslowcost.com/img/p/7/0/70.jpg";"California Hash Plant";"gs-0042";"Dinafem";"0.000000";"10";"4";"1";
"388";"http://www.semillaslowcost.com/img/p/4/0/4/404.jpg";"Early Skunk Regular ";"gs-0345";"Sensi Seeds";"0.000000";"26";"10";"1";
"214";"http://www.semillaslowcost.com/img/p/2/3/1/231.jpg";"Moby Dick Autofloreciente";"gs-0192";"Dinafem";"0.000000";"6";"4";"1";
"678";"http://www.semillaslowcost.com/img/p/6/9/4/694.jpg";"Critical";"gs-0649";"Colección Clásica CBD Seeds";"0.000000";"7";"3";"1";
"513";"http://www.semillaslowcost.com/img/p/5/2/6/526.jpg";"High Level";"gs-0486";"Eva Seeds";"0.000000";"13.5";"9";"1";
"334";"http://www.semillaslowcost.com/img/p/3/5/1/351.jpg";"Purple 1 ® Regular";"gs-0300";"Dutch Passion";"0.000000";"26";"10";"1";
"622";"http://www.semillaslowcost.com/img/p/6/2/4/624.jpg";"White Widow";"gs-0579";"Royal Queen Seeds";"0.000000";"19";"3000";"1";
"278";"http://www.semillaslowcost.com/img/p/2/9/6/296.jpg";"Blue Diesel Autofloreciente";"gs-0255";"Advanced Seeds";"0.000000";"17";"6";"1";
"577";"http://www.semillaslowcost.com/img/p/5/9/5/595.jpg";"Connie chung";"gs-0550";"DNA Genetics";"0.000000";"48.5";"6";"1";
"686";"http://www.semillaslowcost.com/img/p/7/0/0/700.jpg";"Norhtern";"gs-0654";"Colección Clásica CBD Seeds";"0.000000";"6";"3";"1";
"521";"http://www.semillaslowcost.com/img/p/5/3/4/534.jpg";"Nexus";"gs-0489";"Eva Seeds";"0.000000";"15";"3";"1";
"343";"http://www.semillaslowcost.com/img/p/3/6/0/360.jpg";"Panama";"gs-0314";"Cannabiogen";"0.000000";"49";"10";"1";
"630";"http://www.semillaslowcost.com/img/p/6/4/3/643.jpg";"Sugar Black Rose";"gs-0608";"Delicious Seeds";"0.000000";"21.5";"6";"1";
"286";"http://www.semillaslowcost.com/img/p/3/0/3/303.jpg";"Auto Critical Soma";"gs-0263";"Advanced Seeds";"0.000000";"15.5";"6";"1";
"585";"http://www.semillaslowcost.com/img/p/5/9/8/598.jpg";"Kushberry";"gs-0554";"DNA Genetics";"0.000000";"44";"6";"1";
"695";"http://www.semillaslowcost.com/img/p/7/2/9/729.jpg";"Super Skunk";"gs-0003";"GeaSeeds";"0.000000";"1";"283";"1";
"529";"http://www.semillaslowcost.com/img/p/5/4/1/541.jpg";"Jack la Mota";"gs-0496";"Medical Seeds";"0.000000";"23.5";"6";"1";
"351";"http://www.semillaslowcost.com/img/p/3/6/7/367.jpg";"Colombia Punto Rojo";"gs-0322";"Cannabiogen";"0.000000";"31";"10";"1";
"638";"http://www.semillaslowcost.com/img/p/6/5/1/651.jpg";"Fruity Chronic Juice";"gs-0600";"Delicious Seeds";"0.000000";"18.8";"6";"1";
"294";"http://www.semillaslowcost.com/img/p/3/1/2/312.jpg";"Syrup";"gs-0271";"Buddha Seeds";"0.000000";"5";"5";"1";
"593";"http://www.semillaslowcost.com/img/p/6/0/6/606.jpg";"Chocolope Kush";"gs-0561";"DNA Genetics";"0.000000";"62";"6";"1";
"703";"http://www.semillaslowcost.com/img/p/7/3/7/737.jpg";"Bubble Gum";"gs-0011";"GeaSeeds";"0.000000";"1";"291";"1";
"537";"http://www.semillaslowcost.com/img/p/5/4/7/547.jpg";"Prozac";"gs-0502";"Medical Seeds";"0.000000";"21";"6";"1";
"359";"http://www.semillaslowcost.com/img/p/3/7/5/375.jpg";"Ed Rosenthal Regular";"gs-0329";"Sensi Seeds";"0.000000";"112";"10";"1";
"646";"http://www.semillaslowcost.com/img/p/6/5/4/654.jpg";"Afghan Kush";"gs-0614";"World of Seeds";"0.000000";"16";"3";"1";
"302";"http://www.semillaslowcost.com/img/p/3/2/0/320.jpg";"NYC Diesel Auto ";"gs-0276";"Barney's Farm";"0.000000";"26.5";"5";"1";
"602";"http://www.semillaslowcost.com/img/p/6/1/5/615.jpg";"Silver Bubble";"gs-0570";"DNA Genetics";"0.000000";"35";"6";"1";
"711";"http://www.semillaslowcost.com/img/p/7/4/5/745.jpg";"Early Skunk";"gs-0019";"GeaSeeds";"0.000000";"1";"300";"1";
"545";"http://www.semillaslowcost.com/img/p/5/5/8/558.jpg";"Nerfertiti";"gs-0513";"Pyramid Seeds";"0.000000";"9";"3";"1";
"367";"http://www.semillaslowcost.com/img/p/3/8/4/384.jpg";"Mother´s Finest Regular ";"gs-0338";"Sensi Seeds";"0.000000";"64";"10";"1";
"654";"http://www.semillaslowcost.com/img/p/6/6/7/667.jpg";"White Diesel";"gs-0619";"White Label";"0.000000";"35";"5";"1";
"310";"http://www.semillaslowcost.com/img/p/3/2/8/328.jpg";"Mayday Express Autoflorecientes";"gs-0282";"Positronics";"0.000000";"6";"3";"1";
"719";"http://www.semillaslowcost.com/img/p/7/6/8/768.jpg";"Auto Super Skunk";"gs-0663";"Geaseeds";"0.000000";"1";"294";"1";
"553";"http://www.semillaslowcost.com/img/p/5/7/0/570.jpg";"Amnesia Gold";"gs-0525";"Pyramid Seeds";"0.000000";"5";"2";"1";
"662";"http://www.semillaslowcost.com/img/p/6/7/8/678.jpg";"Orange Light";"gs-0630";"Seedmakers";"0.000000";"17.5";"5";"1";
"497";"http://www.semillaslowcost.com/img/p/5/1/0/510.jpg";"Original White Widow";"gs-0465";"Paradise Seeds";"0.000000";"28";"6";"1";
"318";"http://www.semillaslowcost.com/img/p/3/3/6/336.jpg";"White Dwarf Regular ";"gs-0289";"Buddha Seeds";"0.000000";"26";"20";"1";
"606";"http://www.semillaslowcost.com/img/p/6/1/8/618.jpg";"Purple Wreck";"gs-0576";"DNA Genetics";"0.000000";"44";"6";"1";
"262";"http://www.semillaslowcost.com/img/p/2/8/0/280.jpg";"Bloody Skunk Auto";"gs-0240";"Sweet Seeds";"0.000000";"15.9";"3";"1";
"561";"http://www.semillaslowcost.com/img/p/5/7/8/578.jpg";"Double Ducht";"gs-0533";"Serious Seeds";"0.000000";"62";"6";"1";
"670";"http://www.semillaslowcost.com/img/p/6/8/3/683.jpg";"Super Kush";"gs-0636";"Seedmakers";"0.000000";"17.5";"5";"1";
"505";"http://www.semillaslowcost.com/img/p/5/1/8/518.jpg";"Kannabia Special";"gs-0476";"Kannabia";"0.000000";"25";"5";"1";
"326";"http://www.semillaslowcost.com/img/p/3/4/4/344.jpg";"Euforia ® Regular";"gs-0294";"Dutch Passion";"0.000000";"36";"10";"1";
"614";"http://www.semillaslowcost.com/img/p/6/3/2/632.jpg";"Skunk XL";"gs-0587";"Royal Queen Seeds";"0.000000";"19";"3";"1";
"270";"http://www.semillaslowcost.com/img/p/2/8/8/288.jpg";"Polar Light 3";"gs-0248";"Dutch Passion";"0.000000";"23.5";"3";"1";
"569";"http://www.semillaslowcost.com/img/p/5/8/5/585.jpg";"Double Glock";"gs-0540";"Ripper Seeds";"0.000000";"3.5";"3";"1";
"57";"http://www.semillaslowcost.com/img/p/7/3/73.jpg";"Moby Dick 2";"gs-0045";"Dinafem";"0.000000";"10";"4";"1";
"391";"http://www.semillaslowcost.com/img/p/4/0/8/408.jpg";"Bubble Gum Regular";"gs-0361";"Serious Seeds";"0.000000";"62";"11";"1";
"217";"http://www.semillaslowcost.com/img/p/2/3/4/234.jpg";"Critical+ Autofloreciente";"gs-0195";"Dinafem";"0.000000";"6";"4";"1";
"159";"http://www.semillaslowcost.com/img/p/1/7/6/176.jpg";"Afghan Skunk";"gs-0139";"Advanced Seeds ";"0.000000";"12.5";"6";"1";
"121";"http://www.semillaslowcost.com/img/p/1/3/8/138.jpg";"Purple 1";"gs-0104";"Dutch Passion";"0.000000";"18";"9";"1";
"460";"http://www.semillaslowcost.com/img/p/4/7/3/473.jpg";"Himalaya Gold";"gs-0425";"Green House Seeds";"0.000000";"14";"9";"1";
"65";"http://www.semillaslowcost.com/img/p/8/1/81.jpg";"Jack Flash 5 ";"gs-0051";"Sensi Seeds";"0.000000";"27";"9";"1";
"399";"http://www.semillaslowcost.com/img/p/4/1/6/416.jpg";"White Haze Regular";"gs-0376";"White Label";"0.000000";"70";"10";"1";
"225";"http://www.semillaslowcost.com/img/p/2/4/2/242.jpg";"Sour Diesel Autofloreciente";"gs-0203";"Dinafem";"0.000000";"8";"4";"1";
"167";"http://www.semillaslowcost.com/img/p/1/8/4/184.jpg";"Jack Plant";"gs-0147";"Advanced Seeds ";"0.000000";"28";"6";"1";
"129";"http://www.semillaslowcost.com/img/p/1/4/6/146.jpg";"White Widow";"gs-0111";"Dutch Passion";"0.000000";"29";"9000";"1";
"468";"http://www.semillaslowcost.com/img/p/4/8/6/486.jpg";"Chemdog";"gs-0441";"Green House Seeds";"0.000000";"21.5";"10";"1";
"73";"http://www.semillaslowcost.com/img/p/8/9/89.jpg";"Green Poison Fast Version";"gs-0058";"Sweet Seeds";"0.000000";"18";"3";"1";
"407";"http://www.semillaslowcost.com/img/p/4/2/3/423.jpg";"White Skunk Regular";"gs-0368";"White Label";"0.000000";"13.5";"10";"1";
"233";"http://www.semillaslowcost.com/img/p/2/5/0/250.jpg";"Skunk 1 Autofloreciente Sensi Seeds";"gs-0211";"Sensi Seeds";"0.000000";"13";"9";"1";
"175";"http://www.semillaslowcost.com/img/p/1/9/2/192.jpg";"Pineapple Chunk";"gs-0155";"Barney's Farm";"0.000000";"29.5";"5";"1";
"137";"http://www.semillaslowcost.com/img/p/1/5/4/154.jpg";"Dutch Cheese";"gs-0118";"Dutch Passion";"0.000000";"25.5";"9";"1";
"476";"http://www.semillaslowcost.com/img/p/4/8/9/489.jpg";"K-Train";"gs-0447";"Green House Seeds";"0.000000";"23.5";"10";"1";
"81";"http://www.semillaslowcost.com/img/p/9/8/98.jpg";"Snow Fruit";"gs-0065";"Sweet Seeds";"0.000000";"15";"6";"1";
"415";"http://www.semillaslowcost.com/img/p/4/3/2/432.jpg";"Mango x Widow Regular";"gs-0389";"Mr.Nice";"0.000000";"80";"15";"1";
"241";"http://www.semillaslowcost.com/img/p/2/5/8/258.jpg";"Cream Mandarine Auto";"gs-0219";"Sweet Seeds";"0.000000";"19.3";"6";"1";
"25";"http://www.semillaslowcost.com/img/p/4/1/41.jpg";"Critical Jack";"gs-0018";"Dinafem";"0.000000";"7";"4001";"1";
"184";"http://www.semillaslowcost.com/img/p/2/0/1/201.jpg";"Red Cherry Berry";"gs-0164";"Barney's Farm";"0.000000";"26";"5";"1";
"484";"http://www.semillaslowcost.com/img/p/4/9/7/497.jpg";"Ice Cream";"gs-0453";"Paradise Seeds";"0.000000";"31";"6";"1";
"89";"http://www.semillaslowcost.com/img/p/1/0/6/106.jpg";"Sweet Thai";"gs-0073";"Sweet Seeds";"0.000000";"13.85";"6";"1";
"423";"http://www.semillaslowcost.com/img/p/4/4/0/440.jpg";"Mango Haze Regular";"gs-0381";"Mr.Nice";"0.000000";"137";"15";"1";
"249";"http://www.semillaslowcost.com/img/p/2/6/6/266.jpg";"S.A.D Auto";"gs-0227";"Sweet Seeds";"0.000000";"14.75";"6";"1";
"33";"http://www.semillaslowcost.com/img/p/4/9/49.jpg";"Dinamex";"gs-0026";"Dinafem";"0.000000";"8";"4";"1";
"192";"http://www.semillaslowcost.com/img/p/2/0/9/209.jpg";"Top Dawg";"gs-0172";"Barney's Farm";"0.000000";"27";"5";"1";
"97";"http://www.semillaslowcost.com/img/p/1/1/4/114.jpg";"Cream Mandarine Fast Version";"gs-0080";"Sweet Seeds";"0.000000";"14.75";"3";"1";
"431";"http://www.semillaslowcost.com/img/p/4/4/8/448.jpg";"Pot of Gold";"gs-0404";"Flying Dutchmen";"0.000000";"39.5";"10";"1";
"41";"http://www.semillaslowcost.com/img/p/5/7/57.jpg";"OG Kush";"gs-0031";"Dinafem";"0.000000";"8";"4";"1";
"375";"http://www.semillaslowcost.com/img/p/3/9/2/392.jpg";"American Dream Regular ";"gs-0358";"Sensi Seeds";"0.000000";"55";"10";"1";
"201";"http://www.semillaslowcost.com/img/p/2/1/8/218.jpg";"Peppermint";"gs-0180";"Barney's Farm";"0.000000";"24";"5";"1";
"142";"http://www.semillaslowcost.com/img/p/1/5/9/159.jpg";"Duch Haze";"gs-0123";"Dutch Passion";"0.000000";"25.5";"9";"1";
"105";"http://www.semillaslowcost.com/img/p/1/2/2/122.jpg";"Deluxe Mix";"gs-0088";"Cannabiogen";"0.000000";"31";"5";"1";
"439";"http://www.semillaslowcost.com/img/p/4/5/6/456.jpg";"Aurora B Regular";"gs-0396";"Flying Dutchmen";"0.000000";"26";"10";"1";
"49";"http://www.semillaslowcost.com/img/p/6/5/65.jpg";"Shark Shock CBD";"gs-0037";"Dinafem";"0.000000";"19";"3";"1";
"383";"http://www.semillaslowcost.com/img/p/3/9/9/399.jpg";"California Indica Regular";"gs-0350";"Sensi Seeds";"0.000000";"34.5";"10";"1";
"209";"http://www.semillaslowcost.com/img/p/2/2/6/226.jpg";"Fruit Auto ";"gs-0187";"Dinafem";"0.000000";"5.5";"4";"1";
"151";"http://www.semillaslowcost.com/img/p/1/6/8/168.jpg";"Somango 47";"gs-0132";"Positronics";"0.000000";"8";"3";"1";
"113";"http://www.semillaslowcost.com/img/p/1/3/0/130.jpg";"Passion 1";"gs-0096";"Dutch Passion";"0.000000";"20";"9";"1";
"452";"http://www.semillaslowcost.com/img/p/4/6/6/466.jpg";"White Widow";"gs-0420";"Green House Seeds";"0.000000";"16";"9";"1";
"572";"http://www.semillaslowcost.com/img/p/5/8/1/581.jpg";"Washing Machine";"gs-0536";"Ripper Seeds";"0.000000";"4.5";"3";"1";
"681";"http://www.semillaslowcost.com/img/p/6/9/1/691.jpg";"AK";"gs-0646";"Colección Clásica CBD Seeds";"0.000000";"6";"3";"1";
"516";"http://www.semillaslowcost.com/img/p/5/2/9/529.jpg";"Veneno";"gs-0483";"Eva Seeds";"0.000000";"23";"9";"1";
"338";"http://www.semillaslowcost.com/img/p/3/5/8/358.jpg";"Nepal Jam";"gs-0312";"Cannabiogen";"0.000000";"49";"10";"1";
"625";"http://www.semillaslowcost.com/img/p/6/3/7/637.jpg";"Caramelo F1 Fast";"gs-0596";"Delicious Seeds";"0.000000";"18";"6";"1";
"281";"http://www.semillaslowcost.com/img/p/2/9/9/299.jpg";"Top 69 Autofloreciente";"gs-0258";"Advanced Seeds";"0.000000";"21";"6";"1";
"580";"http://www.semillaslowcost.com/img/p/5/9/2/592.jpg";"Cannadential";"gs-0547";"DNA Genetics";"0.000000";"44";"6";"1";
"689";"http://www.semillaslowcost.com/img/p/6/9/7/697.jpg";"Yumbolt";"gs-0657";"Colección Clásica CBD Seeds";"0.000000";"6";"9000";"1";
"524";"http://www.semillaslowcost.com/img/p/5/3/7/537.jpg";"Black Dream";"gs-0492";"Eva Seeds";"0.000000";"20";"3";"1";
"346";"http://www.semillaslowcost.com/img/p/3/6/3/363.jpg";"Ghana";"gs-0317";"Cannabiogen";"0.000000";"31";"10";"1";
"633";"http://www.semillaslowcost.com/img/p/6/4/6/646.jpg";"Critical Kali Mist";"gs-0605";"Delicious Seeds";"0.000000";"18.8";"6";"1";
"289";"http://www.semillaslowcost.com/img/p/3/0/6/306.jpg";"Auto Somango";"gs-0266";"Advanced Seeds";"0.000000";"13";"6";"1";
"588";"http://www.semillaslowcost.com/img/p/6/0/1/601.jpg";"Lemon Skunk";"gs-0551";"DNA Genetics";"0.000000";"35";"6";"1";
"698";"http://www.semillaslowcost.com/img/p/7/3/2/732.jpg";"Roseta Stone ";"gs-0006";"GeaSeeds";"0.000000";"1";"292";"1";
"532";"http://www.semillaslowcost.com/img/p/5/5/2/552.jpg";"BCN Sour Diesel";"gs-0507";"Medical Seeds";"0.000000";"30";"6";"1";
"354";"http://www.semillaslowcost.com/img/p/3/8/0/380.jpg";"Afghani 1 Regular";"gs-0334";"Sensi Seeds";"0.000000";"40";"10";"1";
"641";"http://www.semillaslowcost.com/img/p/6/5/9/659.jpg";"Amnesia";"gs-0609";"World of Seeds";"0.000000";"17";"3";"1";
"297";"http://www.semillaslowcost.com/img/p/3/1/5/315.jpg";"White Dwarf";"gs-0273";"Buddha Seeds";"0.000000";"5";"5";"1";
"596";"http://www.semillaslowcost.com/img/p/6/0/9/609.jpg";"Rocklock";"gs-0558";"DNA Genetics";"0.000000";"35";"6";"1";
"706";"http://www.semillaslowcost.com/img/p/7/4/0/740.jpg";"Chronic";"gs-0014";"GeaSeeds";"0.000000";"1";"299";"1";
"540";"http://www.semillaslowcost.com/img/p/5/5/3/553.jpg";"Wembley";"gs-0508";"Pyramid Seeds";"0.000000";"7";"3";"1";
"362";"http://www.semillaslowcost.com/img/p/3/7/2/372.jpg";"Big Bud Regular ";"gs-0326";"Sensi Seeds";"0.000000";"69.5";"10";"1";
"649";"http://www.semillaslowcost.com/img/p/6/6/1/661.jpg";"Critical Magic";"gs-0615";"The Moon Seeds";"0.000000";"21";"3";"1";
"305";"http://www.semillaslowcost.com/img/p/3/2/3/323.jpg";"Malana Bomb";"gs-0279";"Barney's Farm";"0.000000";"25";"5";"1";
"714";"http://www.semillaslowcost.com/img/p/7/6/4/764.jpg";"Auto Critical";"gs-0660";"Geaseeds";"0.000000";"1";"299";"1";
"548";"http://www.semillaslowcost.com/img/p/5/6/1/561.jpg";"Northern Lights";"gs-0517";"Pyramid Seeds";"0.000000";"21";"1";"1";
"370";"http://www.semillaslowcost.com/img/p/3/8/7/387.jpg";"Jack Herer";"gs-0341";"Sensi Seeds";"0.000000";"112";"10";"1";
"657";"http://www.semillaslowcost.com/img/p/6/7/2/672.jpg";"White Widow";"gs-0627";"White Label";"0.000000";"48.5";"3000";"1";
"492";"http://www.semillaslowcost.com/img/p/5/0/2/502.jpg";"Nebula";"gs-0457";"Paradise Seeds";"0.000000";"28";"6";"1";
"313";"http://www.semillaslowcost.com/img/p/3/3/1/331.jpg";"Northern Haze Express";"gs-0285";"Positronics";"0.000000";"21.5";"5";"1";
"257";"http://www.semillaslowcost.com/img/p/2/7/5/275.jpg";"Fast Bud Auto";"gs-0235";"Sweet Seeds";"0.000000";"11.65";"6";"1";
"556";"http://www.semillaslowcost.com/img/p/5/6/7/567.jpg";"Alpujarreña";"gs-0522";"Pyramid Seeds";"0.000000";"5.3";"2";"1";
"665";"http://www.semillaslowcost.com/img/p/6/7/5/675.jpg";"Alakazam";"gs-0633";"Seedmakers";"0.000000";"17.5";"5";"1";
"500";"http://www.semillaslowcost.com/img/p/5/1/3/513.jpg";"Allkush";"gs-0462";"Paradise Seeds";"0.000000";"22.5";"6";"1";
"321";"http://www.semillaslowcost.com/img/p/3/3/9/339.jpg";"Magnum Regular ";"gs-0291";"Buddha Seeds";"0.000000";"30.5";"20";"1";
"609";"http://www.semillaslowcost.com/img/p/6/2/1/621.jpg";"The OG 18";"gs-0573";"DNA Genetics";"0.000000";"62";"6";"1";
"265";"http://www.semillaslowcost.com/img/p/2/8/3/283.jpg";"Auto Mazar";"gs-0243";"Dutch Passion";"0.000000";"25.5";"6";"1";
"564";"http://www.semillaslowcost.com/img/p/5/7/5/575.jpg";"Kali Mist";"gs-0530";"Serious Seeds";"0.000000";"71";"6";"1";
"673";"http://www.semillaslowcost.com/img/p/6/8/8/688.jpg";"Vanilla Haze Colección Medicinal";"gs-0643";"Colección Medicinal CBD Seeds";"0.000000";"8";"3";"1";
"508";"http://www.semillaslowcost.com/img/p/5/2/1/521.jpg";"Mataró Blue";"gs-0473";"Kannabia";"0.000000";"25";"5";"1";
"329";"http://www.semillaslowcost.com/img/p/3/4/6/346.jpg";"Masterkush Regular";"gs-0307";"Dutch Passion";"0.000000";"30.5";"10";"1";
"617";"http://www.semillaslowcost.com/img/p/6/2/9/629.jpg";"Amnesia Haze";"gs-0584";"Royal Queen Seeds";"0.000000";"26";"3";"1";
"273";"http://www.semillaslowcost.com/img/p/2/9/1/291.jpg";"Star Ryder";"gs-0251";"Dutch Passion";"0.000000";"27";"3";"1";
"116";"http://www.semillaslowcost.com/img/p/1/3/3/133.jpg";"Twilight";"gs-0099";"Dutch Passion";"0.000000";"17";"9";"1";
"455";"http://www.semillaslowcost.com/img/p/4/6/4/464.jpg";"Lemon Skunk";"gs-0423";"Green House Seeds";"0.000000";"11.5";"9";"1";
"60";"http://www.semillaslowcost.com/img/p/7/6/76.jpg";"Shiva Skunk";"gs-0048";"Sensi Seeds";"0.000000";"24";"12";"1";
"394";"http://www.semillaslowcost.com/img/p/4/1/1/411.jpg";"Biddy Early Regular";"gs-0364";"Serious Seeds";"0.000000";"29.5";"11";"1";
"220";"http://www.semillaslowcost.com/img/p/2/3/7/237.jpg";"Haze Autofloreciente";"gs-0198";"Dinafem";"0.000000";"5.5";"4";"1";
"162";"http://www.semillaslowcost.com/img/p/1/7/9/179.jpg";"Critical Soma";"gs-0142";"Advanced Seeds ";"0.000000";"24";"6";"1";
"124";"http://www.semillaslowcost.com/img/p/1/4/1/141.jpg";"Ultra Skunk";"gs-0107";"Dutch Passion";"0.000000";"23.5";"9";"1";
"463";"http://www.semillaslowcost.com/img/p/4/7/9/479.jpg";"Arjan's Ultra Haze 1";"gs-0431";"Green House Seeds";"0.000000";"30.5";"10";"1";
"68";"http://www.semillaslowcost.com/img/p/8/4/84.jpg";"Feminised Mix";"gs-0054";"Sensi Seeds";"0.000000";"34";"20";"1";
"402";"http://www.semillaslowcost.com/img/p/4/1/9/419.jpg";"Super Skunk Regular";"gs-0373";"White Label";"0.000000";"26";"10";"1";
"228";"http://www.semillaslowcost.com/img/p/2/4/5/245.jpg";"Amnesia XXL Auto";"gs-0206";"Dinafem";"0.000000";"8";"4";"1";
"170";"http://www.semillaslowcost.com/img/p/1/8/7/187.jpg";"Kali 47";"gs-0150";"Advanced Seeds ";"0.000000";"66.5";"10";"1";
"132";"http://www.semillaslowcost.com/img/p/1/4/9/149.jpg";"Skywalker";"gs-0114";"Dutch Passion";"0.000000";"29";"9";"1";
"471";"http://www.semillaslowcost.com/img/p/4/8/3/483.jpg";"NL5 Haze Mist";"gs-0438";"Green House Seeds";"0.000000";"21.5";"10";"1";
"76";"http://www.semillaslowcost.com/img/p/9/2/92.jpg";"Black Jack";"gs-0060";"Sweet Seeds";"0.000000";"15.6";"6";"1";
"410";"http://www.semillaslowcost.com/img/p/4/2/7/427.jpg";"Afghan Kush";"gs-0380";"White Label";"0.000000";"19.5";"10";"1";
"236";"http://www.semillaslowcost.com/img/p/2/5/3/253.jpg";"Sensi Skunk Autofloreciente";"gs-0214";"Sensi Seeds";"0.000000";"12";"9";"1";
"178";"http://www.semillaslowcost.com/img/p/1/9/5/195.jpg";"Red Diesel";"gs-0158";"Barney's Farm";"0.000000";"34";"5";"1";
"479";"http://www.semillaslowcost.com/img/p/4/9/2/492.jpg";"Damn Sour";"gs-0444";"Green House Seeds";"0.000000";"23.5";"10";"1";
"84";"http://www.semillaslowcost.com/img/p/1/0/1/101.jpg";"Double White";"gs-0068";"Sweet Seeds";"0.000000";"13.85";"6";"1";
"418";"http://www.semillaslowcost.com/img/p/4/3/5/435.jpg";"La Niña Regular";"gs-0386";"Mr.Nice";"0.000000";"99";"15";"1";
"244";"http://www.semillaslowcost.com/img/p/2/6/1/261.jpg";"Sweet Skunk Auto";"gs-0222";"Sweet Seeds";"0.000000";"11.3";"6";"1";
"28";"http://www.semillaslowcost.com/img/p/4/4/44.jpg";"Blue Thai";"gs-0021";"Dinafem";"0.000000";"7";"4";"1";
"187";"http://www.semillaslowcost.com/img/p/2/0/4/204.jpg";"Dr Grinspoon";"gs-0167";"Barney's Farm";"0.000000";"34";"5";"1";
"487";"http://www.semillaslowcost.com/img/p/5/0/0/500.jpg";"Magic Bud";"gs-0450";"Paradise Seeds";"0.000000";"19";"6";"1";
"92";"http://www.semillaslowcost.com/img/p/1/0/9/109.jpg";"Ice Cool";"gs-0075";"Sweet Seeds";"0.000000";"23.9";"6";"1";
"426";"http://www.semillaslowcost.com/img/p/4/4/3/443.jpg";"The Original Haze";"gs-0409";"Flying Dutchmen";"0.000000";"57.5";"10";"1";
"252";"http://www.semillaslowcost.com/img/p/2/7/0/270.jpg";"+ Speed";"gs-0230";"Sweet Seeds";"0.000000";"16.75";"6";"1";
"36";"http://www.semillaslowcost.com/img/p/5/2/52.jpg";"Cheese original";"gs-0027";"Dinafem";"0.000000";"6";"4";"1";
"195";"http://www.semillaslowcost.com/img/p/2/1/2/212.jpg";"Critical Kush";"gs-0175";"Barney's Farm";"0.000000";"33";"5";"1";
"100";"http://www.semillaslowcost.com/img/p/1/1/7/117.jpg";"Sweet Skunk Fast Version";"gs-0083";"Sweet Seeds";"0.000000";"11.6";"3";"1";
"434";"http://www.semillaslowcost.com/img/p/4/5/1/451.jpg";"Fuma con Dios Regular";"gs-0401";"Flying Dutchmen";"0.000000";"30.5";"10";"1";
"44";"http://www.semillaslowcost.com/img/p/6/0/60.jpg";"Purple Afghan Kush";"gs-0034";"Dinafem";"0.000000";"10";"4";"1";
"378";"http://www.semillaslowcost.com/img/p/3/9/5/395.jpg";"Marley´s Collie Regular";"gs-0355";"Sensi Seeds";"0.000000";"96";"10";"1";
"204";"http://www.semillaslowcost.com/img/p/2/2/1/221.jpg";"Cookies Kush";"gs-0182";"Barney's Farm";"0.000000";"34";"5";"1";
"145";"http://www.semillaslowcost.com/img/p/1/6/2/162.jpg";"Dark Delight";"gs-0126";"Dutch Passion";"0.000000";"23.5";"9";"1";
"108";"http://www.semillaslowcost.com/img/p/1/2/5/125.jpg";"Panama";"gs-0091";"Cannabiogen";"0.000000";"49";"5";"1";
"447";"http://www.semillaslowcost.com/img/p/4/6/2/462.jpg";"The Church";"gs-0415";"Green House Seeds";"0.000000";"10";"9";"1";
"52";"http://www.semillaslowcost.com/img/p/6/8/68.jpg";"Blue Hash";"gs-0040";"Dinafem";"0.000000";"8";"4";"1";
"386";"http://www.semillaslowcost.com/img/p/4/0/2/402.jpg";"Durban Regular";"gs-0347";"Sensi Seeds";"0.000000";"45";"10";"1";
"212";"http://www.semillaslowcost.com/img/p/2/2/9/229.jpg";"Cheese Autofloreciente";"gs-0190";"Dinafem";"0.000000";"5.5";"4";"1";
"154";"http://www.semillaslowcost.com/img/p/1/7/1/171.jpg";"Critical 47";"gs-0135";"Positronics";"0.000000";"11";"3";"1";
"620";"http://www.semillaslowcost.com/img/p/6/2/6/626.jpg";"Power Flower";"gs-0581";"Royal Queen Seeds";"0.000000";"19";"3";"1";
"276";"http://www.semillaslowcost.com/img/p/2/9/4/294.jpg";"Auto CBG";"gs-0254";"Cannabiogen";"0.000000";"24";"3";"1";
"575";"http://www.semillaslowcost.com/img/p/5/8/8/588.jpg";"Old School";"gs-0543";"Ripper Seeds";"0.000000";"4.4";"3";"1";
"684";"http://www.semillaslowcost.com/img/p/7/0/2/702.jpg";"Orange Big Bud";"gs-0652";"Colección Clásica CBD Seeds";"0.000000";"21";"6";"1";
"519";"http://www.semillaslowcost.com/img/p/5/3/2/532.jpg";"Furious Candy";"gs-0487";"Eva Seeds";"0.000000";"22";"9";"1";
"341";"http://www.semillaslowcost.com/img/p/3/5/5/355.jpg";"Sandstorm";"gs-0309";"Cannabiogen";"0.000000";"39";"10";"1";
"628";"http://www.semillaslowcost.com/img/p/6/4/0/640.jpg";"Caramelo";"gs-0593";"Delicious Seeds";"0.000000";"20";"6";"1";
"284";"http://www.semillaslowcost.com/img/p/3/0/1/301.jpg";"Auto Black Diesel";"gs-0261";"Advanced Seeds";"0.000000";"15.5";"6";"1";
"583";"http://www.semillaslowcost.com/img/p/5/9/6/596.jpg";"La Woman";"gs-0556";"DNA Genetics";"0.000000";"53";"6";"1";
"693";"http://www.semillaslowcost.com/img/p/7/2/7/727.jpg";"White Widow";"gs-0001";"GeaSeeds";"0.000000";"1";"299";"1";
"527";"http://www.semillaslowcost.com/img/p/5/4/3/543.jpg";"Canadian Kush";"gs-0498";"Medical Seeds";"0.000000";"18.5";"6";"1";
"349";"http://www.semillaslowcost.com/img/p/3/6/6/366.jpg";"Pakistan Chitral Kush";"gs-0320";"Cannabiogen";"0.000000";"29";"10";"1";
"636";"http://www.semillaslowcost.com/img/p/6/4/9/649.jpg";"Critical Neville Haze 2.0";"gs-0602";"Delicious Seeds";"0.000000";"25";"6";"1";
"292";"http://www.semillaslowcost.com/img/p/3/1/0/310.jpg";"Magnum Auto";"gs-0269";"Buddha Seeds";"0.000000";"6";"5";"1";
"591";"http://www.semillaslowcost.com/img/p/6/0/4/604.jpg";"Sour Cream";"gs-0563";"DNA Genetics";"0.000000";"35";"6";"1";
"701";"http://www.semillaslowcost.com/img/p/7/3/5/735.jpg";"Lavender";"gs-0009";"GeaSeeds";"0.000000";"1";"300";"1";
"535";"http://www.semillaslowcost.com/img/p/5/4/9/549.jpg";"2046";"gs-0504";"Medical Seeds";"0.000000";"23";"6";"1";
"357";"http://www.semillaslowcost.com/img/p/3/7/7/377.jpg";"Shiva Shanti Regular";"gs-0331";"Sensi Seeds";"0.000000";"26";"10";"1";
"644";"http://www.semillaslowcost.com/img/p/6/5/6/656.jpg";"Afghan Kush x White Widow";"gs-0612";"World of Seeds";"0.000000";"16.5";"3";"1";
"300";"http://www.semillaslowcost.com/img/p/3/1/8/318.jpg";"Sweet Tooth";"gs-0274";"Barney's Farm";"0.000000";"27";"5";"1";
"600";"http://www.semillaslowcost.com/img/p/6/1/3/613.jpg";"OG Kush";"gs-0568";"DNA Genetics";"0.000000";"62";"6";"1";
"709";"http://www.semillaslowcost.com/img/p/7/4/3/743.jpg";"Amnesia";"gs-0017";"GeaSeeds";"0.000000";"1";"293";"1";
"543";"http://www.semillaslowcost.com/img/p/5/5/6/556.jpg";"Shark";"gs-0511";"Pyramid Seeds";"0.000000";"6.5";"3";"1";
"365";"http://www.semillaslowcost.com/img/p/3/8/2/382.jpg";"First Lady Regular";"gs-0336";"Sensi Seeds";"0.000000";"40";"10";"1";
"652";"http://www.semillaslowcost.com/img/p/6/6/5/665.jpg";"Super Skunk";"gs-0621";"White Label";"0.000000";"24";"5";"1";
"308";"http://www.semillaslowcost.com/img/p/3/2/6/326.jpg";"Sin Tra Bajo";"gs-0281";"Barney's Farm";"0.000000";"11.8";"3";"1";
"717";"http://www.semillaslowcost.com/img/p/7/6/5/765.jpg";"Auto White Widow";"gs-0666";"Geaseeds";"0.000000";"1";"296";"1";
"551";"http://www.semillaslowcost.com/img/p/5/6/4/564.jpg";"New York City";"gs-0514";"Pyramid Seeds";"0.000000";"9";"3";"1";
"660";"http://www.semillaslowcost.com/img/p/6/6/9/669.jpg";"White Skunk";"gs-0624";"White Label";"0.000000";"19";"5";"1";
"495";"http://www.semillaslowcost.com/img/p/5/0/8/508.jpg";"White Berry";"gs-0467";"Paradise Seeds";"0.000000";"28";"6";"1";
"316";"http://www.semillaslowcost.com/img/p/3/3/5/335.jpg";"Rudelaris Indica Regular Sensi Seeds Autofloreciente";"gs-0288";"Sensi Seeds";"0.000000";"19";"10";"1";
"260";"http://www.semillaslowcost.com/img/p/2/7/8/278.jpg";"Cream Mandarine XL Autofloreciente";"gs-0238";"Sweet Seeds";"0.000000";"19.3";"3";"1";
"559";"http://www.semillaslowcost.com/img/p/5/8/0/580.jpg";"Bubble Gum";"gs-0535";"Serious Seeds";"0.000000";"62";"6";"1";
"668";"http://www.semillaslowcost.com/img/p/6/8/1/681.jpg";"Silver Jack";"gs-0638";"Seedmakers";"0.000000";"17.5";"5";"1";
"503";"http://www.semillaslowcost.com/img/p/5/1/6/516.jpg";"BCN Diesel";"gs-0478";"Kannabia";"0.000000";"25";"5";"1";
"324";"http://www.semillaslowcost.com/img/p/3/4/3/343.jpg";"BlueBerry ® Regular";"gs-0304";"Dutch Passion";"0.000000";"48";"10";"1";
"612";"http://www.semillaslowcost.com/img/p/6/3/4/634.jpg";"Special Kush 1";"gs-0589";"Royal Queen Seeds";"0.000000";"7.5";"3";"1";
"268";"http://www.semillaslowcost.com/img/p/2/8/6/286.jpg";"Taiga 2";"gs-0246";"Dutch Passion";"0.000000";"20.5";"6";"1";
"567";"http://www.semillaslowcost.com/img/p/5/7/2/572.jpg";"Motavation";"gs-0527";"Serious Seeds";"0.000000";"62";"6";"1";
"676";"http://www.semillaslowcost.com/img/p/6/8/5/685.jpg";"One To One Colección Medicinal";"gs-0640";"Colección Medicinal CBD Seeds";"0.000000";"8";"3";"1";
"511";"http://www.semillaslowcost.com/img/p/5/2/4/524.jpg";"Thai Fantasy";"gs-0470";"Kannabia";"0.000000";"25";"5";"1";
"332";"http://www.semillaslowcost.com/img/p/3/4/9/349.jpg";"Shaman ® Regular";"gs-0298";"Dutch Passion";"0.000000";"21";"10";"1";
"157";"http://www.semillaslowcost.com/img/p/1/7/4/174.jpg";"Grapefruit";"gs-0138";"Positronics";"0.000000";"19";"5";"1";
"119";"http://www.semillaslowcost.com/img/p/1/3/6/136.jpg";"Shaman";"gs-0102";"Dutch Passion";"0.000000";"15.5";"9";"1";
"458";"http://www.semillaslowcost.com/img/p/4/7/1/471.jpg";"Super Silver Haze";"gs-0427";"Green House Seeds";"0.000000";"20.5";"9";"1";
"63";"http://www.semillaslowcost.com/img/p/7/9/79.jpg";"Silver Haze 9 ";"gs-0049";"Sensi Seeds";"0.000000";"25";"9";"1";
"397";"http://www.semillaslowcost.com/img/p/4/1/4/414.jpg";"Amnesia White Regular";"gs-0378";"White Label";"0.000000";"75.5";"10";"1";
"223";"http://www.semillaslowcost.com/img/p/2/4/0/240.jpg";"Moby Dick XXL Auto";"gs-0201";"Dinafem";"0.000000";"7.5";"4";"1";
"165";"http://www.semillaslowcost.com/img/p/1/8/2/182.jpg";"Heavy Bud";"gs-0145";"Advanced Seeds ";"0.000000";"17";"6";"1";
"127";"http://www.semillaslowcost.com/img/p/1/4/4/144.jpg";"Materkush";"gs-0109";"Dutch Passion";"0.000000";"21";"9";"1";
"466";"http://www.semillaslowcost.com/img/p/4/7/6/476.jpg";"Arjan's Haze 1";"gs-0434";"Green House Seeds";"0.000000";"28";"10";"1";
"71";"http://www.semillaslowcost.com/img/p/8/7/87.jpg";"Sensi Skunk";"gs-0056";"Sensi Seeds";"0.000000";"11";"12";"1";
"405";"http://www.semillaslowcost.com/img/p/4/2/2/422.jpg";"Hollands Hope Regular";"gs-0370";"White Label";"0.000000";"30.5";"10";"1";
"231";"http://www.semillaslowcost.com/img/p/2/4/8/248.jpg";"Blue Critical Auto";"gs-0209";"Dinafem";"0.000000";"7";"4";"1";
"173";"http://www.semillaslowcost.com/img/p/1/9/0/190.jpg";"Acapulco Gold";"gs-0153";"Barney's Farm";"0.000000";"29.5";"5";"1";
"135";"http://www.semillaslowcost.com/img/p/1/5/2/152.jpg";"Jorge Diamonds";"gs-0116";"Dutch Passion";"0.000000";"23.5";"9";"1";
"474";"http://www.semillaslowcost.com/img/p/4/8/7/487.jpg";"Arjan's Haze 3";"gs-0449";"Green House Seeds";"0.000000";"26";"10";"1";
"79";"http://www.semillaslowcost.com/img/p/9/5/95.jpg";"Big Foot";"gs-0063";"Sweet Seeds";"0.000000";"20.15";"6";"1";
"413";"http://www.semillaslowcost.com/img/p/4/3/0/430.jpg";"Critical Mass Regular";"gs-0391";"Mr.Nice";"0.000000";"80";"15";"1";
"239";"http://www.semillaslowcost.com/img/p/2/5/6/256.jpg";"Black Cream Auto";"gs-0217";"Sweet Seeds";"0.000000";"17.6";"6";"1";
"182";"http://www.semillaslowcost.com/img/p/1/9/9/199.jpg";"Morning Glory";"gs-0162";"Barney's Farm";"0.000000";"33";"5";"1";
"482";"http://www.semillaslowcost.com/img/p/4/9/5/495.jpg";"Lucid Bolt";"gs-0455";"Paradise Seeds";"0.000000";"31";"6";"1";
"87";"http://www.semillaslowcost.com/img/p/1/0/4/104.jpg";"Botafumeiro";"gs-0071";"Sweet Seeds";"0.000000";"11.6";"6";"1";
"421";"http://www.semillaslowcost.com/img/p/4/3/8/438.jpg";"Super Silver Haze Regular";"gs-0383";"Mr.Nice";"0.000000";"114";"15";"1";
"247";"http://www.semillaslowcost.com/img/p/2/6/4/264.jpg";"Cream Caramel Auto";"gs-0225";"Sweet Seeds";"0.000000";"16";"6";"1";
"31";"http://www.semillaslowcost.com/img/p/4/7/47.jpg";"Dinachem";"gs-0024";"Dinafem";"0.000000";"8";"4";"1";
"190";"http://www.semillaslowcost.com/img/p/2/0/7/207.jpg";"Phatt Fruity";"gs-0170";"Barney's Farm";"0.000000";"27";"5";"1";
"95";"http://www.semillaslowcost.com/img/p/1/1/2/112.jpg";"Jack 47 Fast Version F1";"gs-0078";"Sweet Seeds";"0.000000";"27";"3";"1";
"429";"http://www.semillaslowcost.com/img/p/4/4/6/446.jpg";"Pinapple Punch";"gs-0406";"Flying Dutchmen";"0.000000";"39.5";"10";"1";
"255";"http://www.semillaslowcost.com/img/p/2/7/3/273.jpg";"Big Devil Auto";"gs-0233";"Sweet Seeds";"0.000000";"15.9";"6";"1";
"39";"http://www.semillaslowcost.com/img/p/5/5/55.jpg";"Industrial Plant";"gs-0029";"Dinafem";"0.000000";"8.5";"4";"1";
"373";"http://www.semillaslowcost.com/img/p/3/9/0/390.jpg";"Skunk 1 ";"gs-0344";"Sensi Seeds";"0.000000";"23";"10";"1";
"199";"http://www.semillaslowcost.com/img/p/2/1/6/216.jpg";"Chronic Thunder ";"gs-0178";"Barney's Farm";"0.000000";"26";"1";"1";
"140";"http://www.semillaslowcost.com/img/p/1/5/7/157.jpg";"The Ultimate";"gs-0121";"Dutch Passion";"0.000000";"28";"9";"1";
"103";"http://www.semillaslowcost.com/img/p/1/2/0/120.jpg";"Destroyer";"gs-0086";"Cannabiogen";"0.000000";"64";"5";"1";
"437";"http://www.semillaslowcost.com/img/p/4/5/4/454.jpg";"Kerala Kush Regular";"gs-0398";"Flying Dutchmen";"0.000000";"26";"10";"1";
"47";"http://www.semillaslowcost.com/img/p/6/3/63.jpg";"Strawberry Amnesia";"gs-0036";"Dinafem";"0.000000";"9";"3";"1";
"381";"http://www.semillaslowcost.com/img/p/3/9/7/397.jpg";"Skunk Kush Regular";"gs-0352";"Sensi Seeds";"0.000000";"66";"10";"1";
"207";"http://www.semillaslowcost.com/img/p/2/2/4/224.jpg";"Critical Cheese Auto";"gs-0185";"Dinafem";"0.000000";"6.5";"4";"1";
"149";"http://www.semillaslowcost.com/img/p/1/6/6/166.jpg";"Supercheese";"gs-0130";"Positronics";"0.000000";"7";"3";"1";
"111";"http://www.semillaslowcost.com/img/p/1/2/8/128.jpg";"Pulsar";"gs-0094";"Buddha Seeds";"0.000000";"5.5";"4";"1";
"450";"http://www.semillaslowcost.com/img/p/4/6/0/460.jpg";"AMS";"gs-0418";"Green House Seeds";"0.000000";"10";"9";"1";
"55";"http://www.semillaslowcost.com/img/p/7/1/71.jpg";"Sweet Deep Grapefruit";"gs-0043";"Dinafem";"0.000000";"6";"4";"1";
"389";"http://www.semillaslowcost.com/img/p/4/0/5/405.jpg";"Super Skunk Regular";"gs-0344";"Sensi Seeds";"0.000000";"34.5";"10";"1";
"215";"http://www.semillaslowcost.com/img/p/2/3/2/232.jpg";"Original Amnesia Autofloreciente";"gs-0193";"Dinafem";"0.000000";"6";"4";"1";
"679";"http://www.semillaslowcost.com/img/p/6/9/3/693.jpg";"Chesse";"gs-0648";"Colección Clásica CBD Seeds";"0.000000";"7";"3";"1";
"514";"http://www.semillaslowcost.com/img/p/5/2/7/527.jpg";"Jamaican Dream";"gs-0485";"Eva Seeds";"0.000000";"22";"9";"1";
"335";"http://www.semillaslowcost.com/img/p/3/5/2/352.jpg";"Skunk 1 Regular";"gs-0301";"Dutch Passion";"0.000000";"19";"10";"1";
"623";"http://www.semillaslowcost.com/img/p/6/2/3/623.jpg";"Royal Cheese";"gs-0578";"Royal Queen Seeds";"0.000000";"19";"3";"1";
"279";"http://www.semillaslowcost.com/img/p/2/9/7/297.jpg";"Skunk Mass Autofloreciente";"gs-0256";"Advanced Seeds";"0.000000";"17.5";"6";"1";
"578";"http://www.semillaslowcost.com/img/p/5/9/4/594.jpg";"60 Day Wonder";"gs-0549";"DNA Genetics";"0.000000";"48.5";"6";"1";
"687";"http://www.semillaslowcost.com/img/p/6/9/9/699.jpg";"Shark";"gs-0655";"Colección Clásica CBD Seeds";"0.000000";"6";"3";"1";
"522";"http://www.semillaslowcost.com/img/p/5/3/5/535.jpg";"Missing in Barcelona";"gs-0490";"Eva Seeds";"0.000000";"23.5";"3";"1";
"344";"http://www.semillaslowcost.com/img/p/3/6/1/361.jpg";"Peyote Purple";"gs-0315";"Cannabiogen";"0.000000";"49";"10";"1";
"631";"http://www.semillaslowcost.com/img/p/6/4/4/644.jpg";"Cotton Candy";"gs-0607";"Delicious Seeds";"0.000000";"18.8";"6";"1";
"287";"http://www.semillaslowcost.com/img/p/3/0/4/304.jpg";"Auto Jack Herer";"gs-0264";"Advanced Seeds";"0.000000";"17";"6";"1";
"586";"http://www.semillaslowcost.com/img/p/5/9/9/599.jpg";"La Confidential";"gs-0553";"DNA Genetics";"0.000000";"53";"6";"1";
"696";"http://www.semillaslowcost.com/img/p/7/3/0/730.jpg";"Super Lemon";"gs-0004";"GeaSeeds";"0.000000";"1";"295";"1";
"530";"http://www.semillaslowcost.com/img/p/5/4/0/540.jpg";"No Name";"gs-0495";"Medical Seeds";"0.000000";"19.5";"6";"1";
"352";"http://www.semillaslowcost.com/img/p/3/6/8/368.jpg";"Sugar Loaf";"gs-0323";"Cannabiogen";"0.000000";"44";"10";"1";
"639";"http://www.semillaslowcost.com/img/p/6/5/3/653.jpg";"Northern Light Blue";"gs-0599";"Delicious Seeds";"0.000000";"6.2";"3";"1";
"295";"http://www.semillaslowcost.com/img/p/3/1/3/313.jpg";"Red Dwarf";"gs-0272";"Buddha Seeds";"0.000000";"4";"5";"1";
"594";"http://www.semillaslowcost.com/img/p/6/0/7/607.jpg";"Sleestack";"gs-0560";"DNA Genetics";"0.000000";"53";"6";"1";
"704";"http://www.semillaslowcost.com/img/p/7/3/8/738.jpg";"Critical Bilborn 100%    ";"gs-0012";"GeaSeeds";"0.000000";"1";"299";"1";
"538";"http://www.semillaslowcost.com/img/p/5/4/6/546.jpg";"Mendocino Purple Kush";"gs-0501";"Medical Seeds";"0.000000";"23";"6";"1";
"360";"http://www.semillaslowcost.com/img/p/3/7/4/374.jpg";"Northern lights Regular";"gs-0328";"Sensi Seeds";"0.000000";"108.5";"10";"1";
"647";"http://www.semillaslowcost.com/img/p/6/6/2/662.jpg";"Black Ice";"gs-0617";"The Moon Seeds";"0.000000";"19";"3";"1";
"303";"http://www.semillaslowcost.com/img/p/3/2/1/321.jpg";"Critical Rapido";"gs-0277";"Barney's Farm";"0.000000";"27";"5";"1";
"603";"http://www.semillaslowcost.com/img/p/6/1/6/616.jpg";"Sour Kush";"gs-0571";"DNA Genetics";"0.000000";"62";"6";"1";
"712";"http://www.semillaslowcost.com/img/p/7/4/6/746.jpg";"Critical + 100%";"gs-0020";"GeaSeeds";"0.000000";"1";"280";"1";
"546";"http://www.semillaslowcost.com/img/p/5/6/0/560.jpg";"Super Hash";"gs-0519";"Pyramid Seeds";"0.000000";"5.3";"2";"1";
"368";"http://www.semillaslowcost.com/img/p/3/8/5/385.jpg";"Jack Flash ";"gs-0339";"Sensi Seeds";"0.000000";"80";"10";"1";
"655";"http://www.semillaslowcost.com/img/p/6/6/8/668.jpg";"X-Haze";"gs-0618";"White Label";"0.000000";"34";"6000";"1";
"490";"http://www.semillaslowcost.com/img/p/5/0/4/504.jpg";"Belladonna";"gs-0459";"Paradise Seeds";"0.000000";"17";"6";"1";
"311";"http://www.semillaslowcost.com/img/p/3/2/9/329.jpg";"Afghan Express Autofloreciente";"gs-0283";"Positronics";"0.000000";"4.5";"3";"1";
"554";"http://www.semillaslowcost.com/img/p/5/6/9/569.jpg";"Kryptonite";"gs-0524";"Pyramid Seeds";"0.000000";"4.4";"1";"1";
"663";"http://www.semillaslowcost.com/img/p/6/7/7/677.jpg";"Cheex";"gs-0631";"Seedmakers";"0.000000";"17.5";"5";"1";
"498";"http://www.semillaslowcost.com/img/p/5/1/1/511.jpg";"Spoetnik";"gs-0464";"Paradise Seeds";"0.000000";"17";"6";"1";
"319";"http://www.semillaslowcost.com/img/p/3/3/7/337.jpg";"Red Dwarf Regular";"gs-0290";"Buddha Seeds";"0.000000";"23";"20";"1";
"607";"http://www.semillaslowcost.com/img/p/6/1/9/619.jpg";"Kosher Kush";"gs-0575";"DNA Genetics";"0.000000";"62";"6";"1";
"263";"http://www.semillaslowcost.com/img/p/2/8/1/281.jpg";"Devil Cream Autofloreciente";"gs-0241";"Sweet Seeds";"0.000000";"18.45";"6";"1";
"562";"http://www.semillaslowcost.com/img/p/5/7/7/577.jpg";"White Russian ";"gs-0532";"Serious Seeds";"0.000000";"62";"6";"1";
"671";"http://www.semillaslowcost.com/img/p/6/8/4/684.jpg";"Widow";"gs-0635";"Seedmakers";"0.000000";"17.5";"5000";"1";
"506";"http://www.semillaslowcost.com/img/p/5/1/9/519.jpg";"La Blanca";"gs-0475";"Kannabia";"0.000000";"25";"5";"1";
"327";"http://www.semillaslowcost.com/img/p/3/4/8/348.jpg";"Hollands Hope ® Regular";"gs-0295";"Dutch Passion";"0.000000";"29";"10";"1";
"615";"http://www.semillaslowcost.com/img/p/6/3/1/631.jpg";"Northern Lights";"gs-0586";"Royal Queen Seeds";"0.000000";"20.5";"3";"1";
"271";"http://www.semillaslowcost.com/img/p/2/8/9/289.jpg";"Snow Storm 2";"gs-0249";"Dutch Passion";"0.000000";"46";"7";"1";
"570";"http://www.semillaslowcost.com/img/p/5/8/4/584.jpg";"Black Valley";"gs-0539";"Ripper Seeds";"0.000000";"4.4";"3";"1";
"58";"http://www.semillaslowcost.com/img/p/7/4/74.jpg";"Super Silver";"gs-0046";"Dinafem";"0.000000";"7";"4";"1";
"392";"http://www.semillaslowcost.com/img/p/4/0/9/409.jpg";"Chronic Regular";"gs-0362";"Serious Seeds";"0.000000";"62";"11";"1";
"218";"http://www.semillaslowcost.com/img/p/2/3/5/235.jpg";"Roadrunner 2 Autofloreciente";"gs-0196";"Dinafem";"0.000000";"5.5";"4";"1";
"160";"http://www.semillaslowcost.com/img/p/1/7/7/177.jpg";"Critical";"gs-0140";"Advanced Seeds ";"0.000000";"15";"6";"1";
"122";"http://www.semillaslowcost.com/img/p/1/3/9/139.jpg";"Power Plant";"gs-0105";"Dutch Passion";"0.000000";"23.5";"9";"1";
"461";"http://www.semillaslowcost.com/img/p/4/7/4/474.jpg";"Super Lemon Haze";"gs-0424";"Green House Seeds";"0.000000";"19.5";"9";"1";
"66";"http://www.semillaslowcost.com/img/p/8/2/82.jpg";"Skunk 1";"gs-0052";"Sensi Seeds";"0.000000";"12";"12";"1";
"400";"http://www.semillaslowcost.com/img/p/4/1/7/417.jpg";"Kali Haze Regular";"gs-0375";"White Label";"0.000000";"61";"10";"1";
"226";"http://www.semillaslowcost.com/img/p/2/4/3/243.jpg";"Dinamex Autofloreciente";"gs-0204";"Dinafem";"0.000000";"7";"4";"1";
"168";"http://www.semillaslowcost.com/img/p/1/8/5/185.jpg";"White Kush";"gs-0148";"Advanced Seeds ";"0.000000";"17";"6";"1";
"130";"http://www.semillaslowcost.com/img/p/1/4/7/147.jpg";"Mazar";"gs-0112";"Dutch Passion";"0.000000";"26";"9";"1";
"469";"http://www.semillaslowcost.com/img/p/4/8/5/485.jpg";"Jack Herer";"gs-0440";"Green House Seeds";"0.000000";"14.3";"9";"1";
"74";"http://www.semillaslowcost.com/img/p/9/0/90.jpg";"Cream Caramel Fast Version";"gs-0059";"Sweet Seeds";"0.000000";"17.6";"3";"1";
"408";"http://www.semillaslowcost.com/img/p/4/2/5/425.jpg";"Master Kush Regular";"gs-0367";"White Label";"0.000000";"18";"10";"1";
"234";"http://www.semillaslowcost.com/img/p/2/5/1/251.jpg";"Super Skunk Autofloreciente Sensi Seeds";"gs-0212";"Sensi Seeds";"0.000000";"14.5";"9";"1";
"176";"http://www.semillaslowcost.com/img/p/1/9/3/193.jpg";"LSD";"gs-0156";"Barney's Farm";"0.000000";"33";"5";"1";
"138";"http://www.semillaslowcost.com/img/p/1/5/5/155.jpg";"Ortega Indica";"gs-0119";"Dutch Passion";"0.000000";"20";"9";"1";
"477";"http://www.semillaslowcost.com/img/p/4/9/0/490.jpg";"Bubba Kush";"gs-0446";"Green House Seeds";"0.000000";"23.5";"10";"1";
"82";"http://www.semillaslowcost.com/img/p/9/9/99.jpg";"Sweet Cheese";"gs-0066";"Sweet Seeds";"0.000000";"11.3";"6";"1";
"416";"http://www.semillaslowcost.com/img/p/4/3/3/433.jpg";"Master Kush x Afghan Haze  Regular";"gs-0388";"Mr.Nice";"0.000000";"80";"15";"1";
"242";"http://www.semillaslowcost.com/img/p/2/5/9/259.jpg";"Big Devil XL Auto";"gs-0220";"Sweet Seeds";"0.000000";"21.5";"6";"1";
"26";"http://www.semillaslowcost.com/img/p/4/2/42.jpg";"Original Amnesia";"gs-0019";"Dinafem";"0.000000";"7";"4";"1";
"185";"http://www.semillaslowcost.com/img/p/2/0/2/202.jpg";"Crimea Blue";"gs-0165";"Barney's Farm";"0.000000";"25";"5";"1";
"485";"http://www.semillaslowcost.com/img/p/4/9/8/498.jpg";"Atomical Haze";"gs-0452";"Paradise Seeds";"0.000000";"37";"6";"1";
"90";"http://www.semillaslowcost.com/img/p/1/0/7/107.jpg";"Flash Back 2";"gs-0074";"Sweet Seeds";"0.000000";"13";"6";"1";
"424";"http://www.semillaslowcost.com/img/p/4/4/1/441.jpg";"Haze Mist";"gs-0411";"Flying Dutchmen";"0.000000";"44";"10";"1";
"250";"http://www.semillaslowcost.com/img/p/2/6/7/267.jpg";"Big Devil 2 Auto";"gs-0228";"Sweet Seeds";"0.000000";"20.25";"6";"1";
"34";"http://www.semillaslowcost.com/img/p/5/0/50.jpg";"Moby Dick";"gs-0026";"Dinafem";"0.000000";"10";"4";"1";
"193";"http://www.semillaslowcost.com/img/p/2/1/0/210.jpg";"8 Ball Kush";"gs-0173";"Barney's Farm";"0.000000";"27";"5";"1";
"98";"http://www.semillaslowcost.com/img/p/1/1/5/115.jpg";"Big Devil Fast Version";"gs-0081";"Sweet Seeds";"0.000000";"15.9";"3";"1";
"432";"http://www.semillaslowcost.com/img/p/4/4/9/449.jpg";"The Real McCoy";"gs-0403";"Flying Dutchmen";"0.000000";"39.5";"10";"1";
"720";"http://www.semillaslowcost.com/img/p/7/6/7/767.jpg";"Auto M8";"gs-0664";"Geaseeds";"0.000000";"1";"600";"1";
"42";"http://www.semillaslowcost.com/img/p/5/8/58.jpg";"Power Kush";"gs-0032";"Dinafem";"0.000000";"6";"4";"1";
"376";"http://www.semillaslowcost.com/img/p/3/9/3/393.jpg";"Sensi Skunk Regular";"gs-0357";"Sensi Seeds";"0.000000";"20";"10";"1";
"202";"http://www.semillaslowcost.com/img/p/2/1/9/219.jpg";"CBD Critical Cure";"gs-0181";"Barney's Farm";"0.000000";"55";"6";"1";
"143";"http://www.semillaslowcost.com/img/p/1/6/0/160.jpg";"Mekong High";"gs-0124";"Dutch Passion";"0.000000";"25.5";"9";"1";
"106";"http://www.semillaslowcost.com/img/p/1/2/3/123.jpg";"Pakistan Chitral Kush";"gs-0089";"Cannabiogen";"0.000000";"49";"5";"1";
"440";"http://www.semillaslowcost.com/img/p/4/5/7/457.jpg";"Early Durban Regular";"gs-0395";"Flying Dutchmen";"0.000000";"21.5";"10";"1";
"50";"http://www.semillaslowcost.com/img/p/6/6/66.jpg";"Critical Mass CBD";"gs-0038";"Dinafem";"0.000000";"10";"4";"1";
"384";"http://www.semillaslowcost.com/img/p/4/0/0/400.jpg";"Outdoor Mix Regular";"gs-0349";"Sensi Seeds";"0.000000";"34.5";"10";"1";
"210";"http://www.semillaslowcost.com/img/p/2/2/7/227.jpg";"Critical Jack Autofloreciente";"gs-0188";"Dinafem";"0.000000";"7";"4";"1";
"152";"http://www.semillaslowcost.com/img/p/1/6/9/169.jpg";"Amnesia Mistery";"gs-0133";"Positronics";"0.000000";"10";"3";"1";
"114";"http://www.semillaslowcost.com/img/p/1/3/1/131.jpg";"Hollands Hope";"gs-0097";"Dutch Passion";"0.000000";"20";"9";"1";
"453";"http://www.semillaslowcost.com/img/p/4/6/7/467.jpg";"El niño";"gs-0421";"Green House Seeds";"0.000000";"25";"10";"1";